Angle,Source
98.25943797987881,Real
173.70605181104892,Real
129.28940686250036,Real
177.16258929586525,Real
175.42607874009914,Real
77.90524292298784,Real
98.82037955202107,Real
114.30454926593671,Real
158.94446576676967,Real
162.34987578006988,Real
165.65066795705286,Real
159.35798968436282,Real
168.69006752597977,Real
169.4539659869098,Real
4.3987053549955375,Real
169.69515353123398,Real
168.73676334246508,Real
140.79279649503215,Real
171.2538377374448,Real
95.03910004686142,Real
161.565051177078,Real
157.16634582208246,Real
153.434948822922,Real
107.25265216682126,Real
104.62087398863167,Real
50.46909497011194,Real
117.55281157671777,Real
45.33311124392137,Real
150.94539590092288,Real
121.20051460398064,Real
141.73601121411937,Real
174.13039955698528,Real
174.93638314696992,Real
54.678260053133954,Real
155.7053984935871,Real
85.44623202084131,Real
153.6024798645239,Real
171.5427637972286,Real
83.77767858989128,Real
80.48397979503181,Real
158.3440109615775,Real
65.31282627020737,Real
26.943652139192316,Real
159.52772048025807,Real
158.90205041101083,Real
105.52411099675426,Real
143.71473287486117,Real
166.82744657667308,Real
118.30075576600638,Real
118.35496178532405,Real
99.28206641774739,Real
161.41307333851412,Real
165.72748661559967,Real
175.2363583092738,Real
111.03751102542182,Real
176.5466837494689,Real
143.2594379798788,Real
159.77514056883192,Real
163.73979529168804,Real
136.8209288021912,Real
110.22485943116808,Real
172.9476939921588,Real
167.47119229084848,Real
165.10981763267287,Real
170.46336424154057,Real
172.42146452514024,Real
53.017093073655325,Real
156.3706222693432,Real
135.2984128199949,Real
163.11320887605598,Real
109.11585132794104,Real
159.29096240835096,Real
172.1998121158183,Real
114.8803668591817,Real
133.18169703554818,Real
172.30394827798344,Real
127.73675525941545,Real
171.62574097240093,Real
149.95084935630143,Real
61.008612991319666,Real
125.7889734591833,Real
84.89783474764181,Real
148.10920819815428,Real
47.80245151986678,Real
45.00000000000001,Real
3.3664606634298013,Real
135.0,Real
22.166345822082455,Real
96.3401917459099,Real
68.04559814158262,Real
150.2551187030578,Real
160.31968691030966,Real
104.67639313745002,Real
20.376435213836395,Real
70.70995378081128,Real
168.08485292873496,Real
97.00126755749532,Real
163.7227412849946,Real
106.38954033403478,Real
140.9245819819825,Real
172.8749836510982,Real
85.53284093861072,Real
158.38881484630227,Real
124.57928760320547,Real
165.42578380196127,Real
100.48243839755992,Real
141.9776184908317,Real
147.89374404488217,Real
160.01689347810003,Real
147.6868448145455,Real
136.57655005518373,Real
125.53767779197437,Real
84.62329457194926,Real
93.41998309486112,Real
125.73216373717888,Real
165.96375653207352,Real
76.7594800848128,Real
166.32869286780416,Real
160.59767216178184,Real
36.86989764584401,Real
165.04136392627913,Real
163.64133023383633,Real
149.03624346792648,Real
143.82037955202108,Real
172.87498365109818,Real
122.33493623495765,Real
135.0,Real
148.88466768525817,Real
149.34933204294714,Real
178.09084756700364,Real
178.35461319275444,Real
175.77039138822593,Real
115.23283132320836,Real
47.624902640481146,Real
113.00259659335785,Real
169.8084981499723,Real
118.26500400506984,Real
158.0327565931871,Real
140.67889949126155,Real
175.30352800829453,Real
72.74734783317875,Real
146.95187513002477,Real
60.25511870305777,Real
140.37970159912538,Real
176.82016988013575,Real
148.64291477599008,Real
135.8425242607404,Real
121.3902681041878,Real
127.74680538727466,Real
96.1701750950296,Real
162.4075754378184,Real
120.29784332037747,Real
175.89188782286413,Real
140.79279649503215,Real
137.563770211465,Real
174.28940686250036,Real
153.434948822922,Real
129.0938588862295,Real
104.4593951503185,Real
164.05460409907712,Real
167.23443421894137,Real
155.22485943116808,Real
164.74488129694222,Real
56.915147071265025,Real
146.30993247402023,Real
167.35784767211015,Real
19.65382405805332,Real
111.65043281467024,Real
9.348977589287273,Real
151.3895403340348,Real
62.27723863023671,Real
25.4772873366939,Real
64.00362274941102,Real
37.775684305954655,Real
164.7820380877859,Real
150.3128183608063,Real
149.26844393737332,Real
174.62159445089958,Real
172.4270513594566,Real
145.30484646876602,Real
109.5230120033486,Real
165.0183674276091,Real
110.045249425421,Real
74.05460409907715,Real
152.61649336123338,Real
142.38905033016093,Real
135.89517371021105,Real
131.63353933657018,Real
140.19442890773482,Real
110.55604521958347,Real
88.1523897340054,Real
39.89783474764182,Real
81.86989764584402,Real
159.77514056883194,Real
63.43494882292201,Real
162.43209224398706,Real
169.61114218453037,Real
128.73251859515074,Real
3.494638927253332,Real
136.1573330681295,Real
177.87890360333856,Real
159.77514056883192,Real
126.32682595212023,Real
72.62378490028073,Real
134.53887692192833,Real
180.0,Real
72.47443162627712,Real
146.30993247402023,Real
65.80241829047955,Real
164.36750269694477,Real
111.07749411698674,Real
140.52754015165618,Real
85.23635830927383,Real
178.96775530843428,Real
156.8895567699047,Real
168.11134196037204,Real
123.46537934635526,Real
57.42594286542748,Real
141.581944655178,Real
130.7321066997092,Real
178.46108057561358,Real
153.19294063378547,Real
157.54845354399612,Real
90.9877603996398,Real
177.9221529464299,Real
106.0735741647464,Real
131.63353933657018,Real
160.74659571538936,Real
143.03372602871377,Real
19.653824058053317,Real
142.2950329997821,Real
64.5817539331539,Real
158.38522105721373,Real
144.1623470457217,Real
45.0,Real
58.431028870681665,Real
93.73139699916045,Real
135.43078721700863,Real
177.64670313389172,Real
80.26301172959722,Real
147.07528858319355,Real
158.6293777306568,Real
63.74134044519275,Real
175.75106165573888,Real
160.26731050033897,Real
153.434948822922,Real
97.09474916761106,Real
164.27525427725257,Real
93.96465472285612,Real
164.19228679203943,Real
140.26769712804426,Real
121.352761666856,Real
34.20689687977687,Real
176.2251312493079,Real
139.08561677997488,Real
134.40319054877082,Real
160.12092564614215,Real
54.53663575845941,Real
153.79988515865267,Real
145.4914770123316,Real
106.16449915225691,Real
149.74356283647072,Real
89.79390096261588,Real
176.83963837395433,Real
163.92642583525364,Real
158.6649683247651,Real
175.30131948270056,Real
70.92130546290261,Real
131.2964570479953,Real
76.2930389959202,Real
3.3664606634298058,Real
153.01976928177714,Real
157.2809789129694,Real
156.5014343240479,Real
159.14554196042164,Real
106.19732295615285,Real
146.4372562189076,Real
126.0273733851036,Real
161.86191784440268,Real
116.77492488864556,Real
46.30195267257888,Real
176.8865612519428,Real
135.6902771978651,Real
145.1755108430432,Real
110.08197748418075,Real
152.68110048985125,Real
101.30993247402021,Real
154.84357755826048,Real
171.43085812016236,Real
60.832386620422206,Real
84.11401216697173,Real
33.690067525979785,Real
101.70643672915334,Real
90.0,Real
125.53767779197437,Real
124.50852298766841,Real
156.7139350817764,Real
149.2168666974747,Real
92.72631099390627,Real
176.10351912912807,Real
178.1523897340054,Real
169.14643265727582,Real
134.63506366426935,Real
178.7455483773185,Real
150.94539590092288,Real
10.483399220264278,Real
167.1682209574699,Real
98.84181456019168,Real
127.80076636163237,Real
155.55604521958347,Real
122.86867893336752,Real
73.35896344613005,Real
157.53678751059286,Real
138.3664606634298,Real
110.01356679522013,Real
178.4413157937892,Real
132.01336300952485,Real
163.3007557660064,Real
111.94443410069184,Real
158.91085566367136,Real
129.3517526262647,Real
139.8645144377605,Real
180.0,Real
173.45370921670596,Real
130.8900020387252,Real
142.3343788014167,Real
32.28886743447051,Real
115.83675422400157,Real
156.1398248086577,Real
68.4985656759521,Real
114.18735351674063,Real
49.96974072811031,Real
133.09084756700364,Real
37.10030838573476,Real
115.01689347810004,Real
63.74134044519273,Real
165.96375653207352,Real
90.0,Real
179.19871266989298,Real
97.89170242823572,Real
174.20720350496785,Real
65.08197748418075,Real
96.34019174590986,Real
140.4690949701119,Real
158.38522105721373,Real
175.1354855622395,Real
177.58049078334363,Real
167.16439051359856,Real
135.0,Real
90.0,Real
170.53767779197437,Real
169.7651972365768,Real
164.35775354279127,Real
168.5788137250007,Real
77.66091272167381,Real
151.6787887619912,Real
115.46334506187162,Real
164.05460409907715,Real
128.99099404250546,Real
80.95311910171574,Real
119.9315118405078,Real
143.72613577629872,Real
156.07749411698674,Real
133.86557836902298,Real
178.58557678859788,Real
73.67537667819698,Real
137.43969800352804,Real
142.49585763972985,Real
174.8055710922652,Real
159.82934658814958,Real
75.37912601136834,Real
117.28420729362308,Real
146.14288985833932,Real
153.434948822922,Real
177.81268274986363,Real
175.55261514990949,Real
152.8188889145228,Real
110.85445803957836,Real
68.40468955103232,Real
176.78301308929213,Real
131.82016988013575,Real
127.30394827798344,Real
171.70285503016314,Real
140.52754015165618,Real
153.434948822922,Real
130.3893506813394,Real
148.67130713219584,Real
140.9061411137705,Real
118.64761645680888,Real
177.84568866241406,Real
140.1944289077348,Real
140.6730221399253,Real
144.1710282243694,Real
60.42216131873867,Real
55.22773241100387,Real
83.19574043739158,Real
130.36453657309735,Real
85.60129464500447,Real
170.75388725443676,Real
45.716159945470395,Real
152.18958455615365,Real
86.44826664517956,Real
175.81508387488157,Real
140.88598783302825,Real
105.04132947318067,Real
176.45131802609558,Real
123.8304980769171,Real
100.1755108430432,Real
153.6024798645239,Real
150.2551187030578,Real
122.34744349944204,Real
173.41805534482197,Real
144.2726017772003,Real
138.36646066342982,Real
158.83492224624706,Real
162.1811110854772,Real
163.2580296147069,Real
16.420350035051435,Real
118.98456039373434,Real
114.30454926593673,Real
100.61965527615513,Real
41.455233544405125,Real
56.30993247402021,Real
106.31385242626055,Real
95.07960786001456,Real
101.36264246790188,Real
152.74467162505692,Real
112.38013505195958,Real
149.70355182376156,Real
178.66778014613035,Real
172.87498365109818,Real
147.86917467266898,Real
175.2992515655862,Real
162.73817962838723,Real
170.81047566024728,Real
160.53280648551225,Real
141.9451557553255,Real
139.02826366648515,Real
141.995192297258,Real
146.57697456710775,Real
157.38013505195957,Real
24.301742712938076,Real
106.38954033403479,Real
113.14846298530665,Real
133.8839896085927,Real
122.52489028779101,Real
157.16634582208246,Real
122.0053832080835,Real
173.45370921670596,Real
101.44104386876742,Real
169.64397375073,Real
130.8679397450474,Real
114.77514056883189,Real
158.6293777306568,Real
176.82016988013578,Real
130.36453657309735,Real
155.13031202604128,Real
148.24051991518718,Real
113.19859051364818,Real
72.2948942411021,Real
107.02841541861858,Real
159.3045492659367,Real
144.98940742623668,Real
157.24902365721235,Real
53.13010235415599,Real
148.45868460861502,Real
168.8182457898033,Real
109.47657549893196,Real
162.10812287080174,Real
118.28218339080173,Real
114.47616151087098,Real
154.07509849244556,Real
154.51502409518403,Real
100.12467165539783,Real
18.434948822922006,Real
112.54306100005789,Real
112.52056560289688,Real
175.6012946450045,Real
155.29397372757683,Real
141.581944655178,Real
175.5526151499095,Real
129.47245984834382,Real
116.21137801783152,Real
68.55226367289467,Real
87.90109406679646,Real
119.95867052681935,Real
125.75388725443676,Real
136.24536426676835,Real
160.5599651718238,Real
153.65503396139206,Real
133.60281897270363,Real
146.3099324740202,Real
101.09372301155784,Real
142.1250163489018,Real
108.0389013553671,Real
164.05460409907712,Real
155.77225468204583,Real
91.50743575877499,Real
132.51044707800082,Real
105.79240352885728,Real
153.70520992941616,Real
167.47119229084848,Real
151.69924423399362,Real
177.8167606998175,Real
137.47303164808767,Real
144.940573033113,Real
164.17384592382746,Real
123.69006752597974,Real
97.41691371913839,Real
141.91122711902466,Real
101.3099324740202,Real
173.25741339328724,Real
158.96248897457818,Real
143.13010235415598,Real
88.11594976890821,Real
124.29864927610087,Real
149.03624346792648,Real
164.74488129694222,Real
171.86989764584402,Real
143.13010235415598,Real
120.5297058999341,Real
166.62555953512884,Real
148.27639704231598,Real
150.94539590092288,Real
100.49147701233159,Real
106.99082329198617,Real
114.44395478041653,Real
178.69804732742114,Real
174.0938588862295,Real
162.96223220437437,Real
121.67546873810922,Real
168.90627698844216,Real
127.54570118725152,Real
126.79405946443751,Real
110.70903759164904,Real
175.8150838748816,Real
172.43857157233305,Real
143.3438915840331,Real
151.7502645050257,Real
90.27154194568453,Real
105.52411099675426,Real
85.23635830927384,Real
99.92624550665171,Real
81.08507304285214,Real
147.44649699463255,Real
133.1523897340054,Real
156.36799727371974,Real
170.13419305691565,Real
169.84573341979976,Real
151.69924423399362,Real
92.72631099390628,Real
155.74158789843742,Real
68.38522105721376,Real
148.3245312618908,Real
78.69006752597983,Real
145.96787218266167,Real
18.75865034784223,Real
113.18231792689087,Real
168.73441409569477,Real
74.98163936884934,Real
179.2151753970081,Real
163.6104596659652,Real
168.8182457898033,Real
165.96375653207352,Real
68.96699017493916,Real
133.2100893917539,Real
64.65382405805326,Real
169.99202019855866,Real
154.79887635452494,Real
179.48383577023517,Real
108.2211595930449,Real
128.51692630710275,Real
26.90609345593684,Real
141.6544250460066,Real
172.69424046668917,Real
163.73979529168804,Real
148.0998430822663,Real
178.99491399474581,Real
165.32360686254998,Real
95.59933933652057,Real
157.94356647296067,Real
143.19426333463022,Real
130.6012946450045,Real
145.4914770123316,Real
168.6900675259798,Real
153.92464441605125,Real
159.07549825507886,Real
146.5751888173962,Real
130.2363583092738,Real
129.0938588862295,Real
112.16634582208246,Real
118.30075576600639,Real
143.13010235415598,Real
170.13419305691565,Real
167.0053832080835,Real
119.74488129694222,Real
172.87498365109818,Real
110.85445803957836,Real
60.94539590092286,Real
147.9946167919165,Real
144.5742278850918,Real
125.53767779197437,Real
134.72973889350587,Real
92.17474411461006,Real
155.77225468204583,Real
98.60967178077355,Real
68.83874018317172,Real
174.47245984834382,Real
152.4027041313563,Real
70.29470882844782,Real
44.7908922440694,Real
160.7307056015312,Real
130.2363583092738,Real
172.18470645323313,Real
162.70755060012232,Real
171.22923671726784,Real
108.60496547380232,Real
122.99379892590785,Real
111.03751102542181,Real
167.90524292298792,Real
135.90222116153018,Real
178.172031755695,Real
171.52312177553898,Real
88.03473942807948,Real
119.5387822595581,Real
51.19390496715101,Real
177.9545915111128,Real
145.30484646876602,Real
171.46923439005187,Real
140.38931175997342,Real
21.31791227546154,Real
132.33223371955367,Real
177.35745470593528,Real
124.41836447905621,Real
163.52957156039142,Real
75.96375653207352,Real
159.03428815944258,Real
100.49147701233159,Real
50.19442890773481,Real
147.82878287145542,Real
159.91966436983242,Real
126.86989764584402,Real
117.50767547488954,Real
148.8737026854852,Real
129.5596679689945,Real
155.08197748418075,Real
18.970407808486545,Real
148.67130713219584,Real
106.31385242626055,Real
56.59217541029108,Real
110.80991033868338,Real
152.10272896905238,Real
65.22485943116808,Real
161.21137801783152,Real
146.52903572535428,Real
169.69515353123398,Real
151.5679942197543,Real
169.69515353123398,Real
178.42344994481627,Real
110.79411495550364,Real
99.24611274556325,Real
73.81079374297306,Real
158.19859051364818,Real
175.89490148683743,Real
135.32008482378168,Real
158.3440109615775,Real
161.565051177078,Real
159.77514056883192,Real
165.7354877019201,Real
159.77514056883192,Real
177.27368900609378,Real
76.80938928779312,Real
124.15693090591117,Real
178.06319961377895,Real
115.55996517182379,Real
158.4184504456952,Real
88.21008939175391,Real
173.56835457355598,Real
173.99099404250546,Real
144.63753811293094,Real
180.0,Real
82.05652818940959,Real
138.17983011986425,Real
129.05313694602648,Real
68.83874018317172,Real
57.324727434137344,Real
148.43102887068167,Real
132.47388308838046,Real
108.43494882292202,Real
82.17372393860569,Real
167.47119229084848,Real
111.80140948635182,Real
37.23483398157466,Real
56.0035408517495,Real
165.6235820248539,Real
105.39554925399506,Real
80.19390724010293,Real
84.69907348347431,Real
76.2930389959202,Real
130.50564234736797,Real
140.71059313749967,Real
149.3002774491856,Real
130.2363583092738,Real
152.8503183022168,Real
118.69490437934343,Real
141.8090501796134,Real
170.3718438715133,Real
177.13759477388825,Real
135.0,Real
142.1250163489018,Real
79.26110289909457,Real
104.03624346792648,Real
137.6025622024998,Real
67.75097634278768,Real
106.34288254344185,Real
17.650124219930117,Real
29.74488129694223,Real
128.6598082540901,Real
153.79988515865267,Real
126.9751239361938,Real
81.02737338510362,Real
167.60200434555324,Real
132.73949808885874,Real
174.9278671274855,Real
161.565051177078,Real
112.45693899994212,Real
127.23483398157467,Real
149.50016676655255,Real
170.78107386189257,Real
149.78867761416518,Real
98.01423642612747,Real
160.68814343564733,Real
169.79177364118618,Real
106.55707137563665,Real
160.85186254206042,Real
166.96134341697703,Real
136.84761026599458,Real
149.74356283647072,Real
161.565051177078,Real
175.60129464500446,Real
133.28653468263417,Real
151.52579638992566,Real
117.34987578006988,Real
152.30052719194498,Real
153.434948822922,Real
46.941486390914385,Real
155.14841414028783,Real
129.25584167623285,Real
164.74488129694222,Real
4.229608611774089,Real
3.1603616260456753,Real
131.4552335444051,Real
138.17983011986425,Real
149.6973192795119,Real
143.58362148011395,Real
132.57366416839764,Real
108.43494882292201,Real
36.19320730556469,Real
55.30484646876604,Real
102.0947570770121,Real
149.03624346792648,Real
106.38954033403478,Real
125.53767779197437,Real
133.62201675369505,Real
165.54757174890702,Real
113.27290406408198,Real
116.43393978233078,Real
179.30972280213493,Real
58.59648186609763,Real
112.12633480937328,Real
156.27496997170672,Real
174.15543412261314,Real
92.48955292199918,Real
156.8876333181962,Real
146.3099324740202,Real
166.54613311238637,Real
180.0,Real
122.68055474336342,Real
124.15352176186302,Real
131.02061754732176,Real
136.04162667600997,Real
131.58341180822867,Real
174.14398641457106,Real
11.30993247402022,Real
88.99491399474583,Real
147.52880770915152,Real
152.42986281766784,Real
110.41320779779241,Real
149.67639313745,Real
112.46987633905297,Real
162.96223220437437,Real
174.68545433005522,Real
143.38560023479715,Real
104.09668203149381,Real
167.82081894747586,Real
159.14554196042164,Real
170.8376529542783,Real
126.86989764584402,Real
150.70863782901571,Real
161.565051177078,Real
95.93517123095182,Real
105.25511870305775,Real
121.8462918055231,Real
163.21016962881527,Real
148.73626830562256,Real
67.28558764683275,Real
95.1944289077348,Real
172.67359333983046,Real
169.69515353123398,Real
173.1909498203866,Real
98.0170930736553,Real
117.34987578006988,Real
160.92490150755444,Real
115.4841269904173,Real
175.2363583092738,Real
119.27525427725256,Real
153.434948822922,Real
148.9545091731368,Real
172.50414236027012,Real
174.8602426210094,Real
176.1646809028667,Real
9.16234704572171,Real
44.048330391821395,Real
114.07549825507884,Real
176.18592516570965,Real
164.67308211207782,Real
131.4552335444051,Real
109.56378361958267,Real
119.7448812969422,Real
178.42344994481627,Real
169.33021719550334,Real
98.13010235415598,Real
170.53767779197437,Real
116.56505117707799,Real
126.02737338510362,Real
100.30484646876602,Real
145.4914770123316,Real
83.65980825409008,Real
148.39249775375112,Real
178.36342295838327,Real
72.51200262385147,Real
130.6012946450045,Real
175.2720121811578,Real
158.19859051364818,Real
175.2363583092738,Real
158.68875157418427,Real
148.71327180695252,Real
130.91438322002512,Real
41.308614013548734,Real
136.82408983237613,Real
158.40468955103228,Real
25.201123645475036,Real
21.297354049033753,Real
100.09105723888892,Real
141.1155035662854,Real
151.58733855692745,Real
135.30314944371415,Real
145.4599090929291,Real
153.56606021766922,Real
150.4612177404419,Real
148.21908490701657,Real
75.10865913580679,Real
67.14337698005247,Real
151.74197038529311,Real
144.85132734280808,Real
104.1189213030564,Real
155.85445803957836,Real
117.68106156848523,Real
139.86451443776053,Real
159.44395478041653,Real
124.84573341979976,Real
167.3705410469746,Real
92.26050191114126,Real
113.38522105721376,Real
118.44292862436335,Real
152.7386802228501,Real
109.62020964154442,Real
150.94539590092288,Real
147.9946167919165,Real
153.434948822922,Real
164.14545356762167,Real
120.0685828218624,Real
72.34987578006988,Real
161.02959219151344,Real
101.30993247402017,Real
19.476575498931936,Real
157.47943439710312,Real
97.94347181059038,Real
157.05506927684883,Real
140.93152692491975,Real
136.76866634540315,Real
26.816346844286933,Real
172.76652040250138,Real
171.0273733851036,Real
150.76718254247567,Real
157.61986494804043,Real
150.2551187030578,Real
133.60281897270363,Real
77.06739160326048,Real
119.74488129694222,Real
121.42956561483851,Real
137.10908973725776,Real
48.9542477155211,Real
106.66465578089796,Real
158.19859051364818,Real
175.6012946450045,Real
124.77783136636384,Real
135.0,Real
96.97276928602648,Real
63.012109418251505,Real
141.25660934055605,Real
71.30101719581887,Real
114.14554196042164,Real
119.7448812969422,Real
138.72828850418125,Real
135.78482460299188,Real
169.6634458535007,Real
141.44411384388275,Real
151.47042843960858,Real
154.4400348281762,Real
36.25383773744478,Real
171.7872198107141,Real
92.29061004263852,Real
178.3476953223487,Real
113.38522105721373,Real
129.04589256883497,Real
153.434948822922,Real
158.96248897457818,Real
147.52880770915152,Real
170.96051719664487,Real
178.7811247648687,Real
168.4533094540727,Real
167.90524292298792,Real
176.68905848538856,Real
122.11742814519303,Real
170.91505639197183,Real
164.92212985606355,Real
152.81888891452277,Real
137.0738713675757,Real
100.30484646876603,Real
157.4569389999421,Real
59.03624346792648,Real
152.5320814781069,Real
111.37062226934319,Real
140.9061411137705,Real
147.21571913413086,Real
90.0,Real
175.81508387488157,Real
106.76255446183275,Real
123.55895613123258,Real
159.3410899366925,Real
91.53777238469745,Real
76.89079180184571,Real
173.9041384554042,Real
75.96375653207355,Real
160.44540649654883,Real
119.0103602626874,Real
93.17983011986428,Real
34.845733419799735,Real
173.50922836552434,Real
153.434948822922,Real
140.3893117599734,Real
4.033411072770206,Real
131.37146784456357,Real
162.14968169778317,Real
128.19868517601844,Real
130.65499264194705,Real
159.6558987440816,Real
38.15722658736906,Real
39.0938588862295,Real
154.44003482817618,Real
162.89727103094762,Real
156.3706222693432,Real
178.4025238027544,Real
108.434948822922,Real
129.71875937155488,Real
145.61965527615513,Real
88.26429541107161,Real
45.0,Real
83.34557495399342,Real
169.15969454566942,Real
169.3803447238449,Real
172.8749836510982,Real
173.55046529615774,Real
57.578935237493056,Real
107.40270413135627,Real
158.15860742208326,Real
81.62399452257331,Real
176.54824609177794,Real
155.98920093610042,Real
150.60394714505676,Real
53.13010235415599,Real
160.86635679409451,Real
159.17609427507637,Real
132.87890360333856,Real
166.79097858604476,Real
28.312515983311073,Real
164.11794932424974,Real
179.20622173238056,Real
117.81429385577523,Real
127.58850714082115,Real
129.6490645099161,Real
131.82016988013578,Real
143.5172301083069,Real
15.945395900922854,Real
60.88385373392108,Real
135.0,Real
149.2259638987518,Real
91.73570458892839,Real
145.00797980144134,Real
87.27368900609373,Real
100.1755108430432,Real
139.3987053549955,Real
59.62087398863166,Real
135.0,Real
155.77225468204583,Real
69.60512391795162,Real
179.55813899505173,Real
159.3818118768955,Real
121.80938928779312,Real
114.81419699053515,Real
143.13010235415598,Real
77.47119229084849,Real
30.418098938657792,Real
57.907408671265856,Real
104.03624346792648,Real
103.00972245450168,Real
123.69006752597974,Real
11.003540851749495,Real
163.09364881098048,Real
165.25643716352926,Real
175.91438322002512,Real
172.87498365109818,Real
139.64797069138706,Real
146.07020257793937,Real
88.38969939750102,Real
96.09277165733606,Real
140.15008233801984,Real
151.46001481204004,Real
105.52411099675425,Real
168.69006752597977,Real
130.28734831021154,Real
130.42607874009914,Real
168.69006752597977,Real
160.90650799951436,Real
91.04162667600998,Real
163.87459102146045,Real
78.7630557406552,Real
100.61965527615514,Real
175.37342929062848,Real
172.8749836510982,Real
105.53412774132232,Real
130.6012946450045,Real
103.91249467652001,Real
86.14319901441017,Real
160.3461759419467,Real
125.78897345918334,Real
142.43140797117252,Real
105.27458719687635,Real
168.140220879052,Real
172.47916418288878,Real
129.38779677067515,Real
159.3045492659367,Real
154.79887635452494,Real
171.17025533209093,Real
104.39723820194484,Real
144.33499846313822,Real
12.38075692880716,Real
172.3293260576825,Real
143.45502767717744,Real
120.96375653207352,Real
121.60750224624891,Real
165.96375653207352,Real
174.35945056784317,Real
94.46715906138922,Real
112.28558764683277,Real
63.208484470580835,Real
176.82016988013575,Real
84.06847307508025,Real
162.4287412216776,Real
111.41834885515013,Real
175.8263544365708,Real
85.36453657309735,Real
168.40782458970895,Real
130.81508387488157,Real
154.93799174420553,Real
176.73796652260324,Real
102.0947570770121,Real
81.86989764584402,Real
162.89727103094762,Real
99.63753811293094,Real
91.39718102729637,Real
116.565051177078,Real
174.80557109226518,Real
29.427456403189723,Real
164.74488129694222,Real
95.13388390084481,Real
149.4702941000659,Real
147.0002096718853,Real
167.5740571345725,Real
109.44003482817618,Real
70.5599651718238,Real
173.83701113088443,Real
155.01356679522013,Real
91.03224469156572,Real
170.53767779197437,Real
93.57633437499736,Real
140.5993393365206,Real
164.42359991941598,Real
118.30075576600638,Real
125.8376529542783,Real
104.97622450411562,Real
146.04094018032373,Real
62.21607358779072,Real
75.25643716352926,Real
156.03751102542182,Real
159.07549825507886,Real
150.4612177404419,Real
146.07020257793934,Real
179.51853419416165,Real
94.17043652484212,Real
126.37114393697509,Real
129.80557109226518,Real
81.86989764584399,Real
10.320954362497716,Real
141.70983680775691,Real
120.37912601136834,Real
119.29136217098429,Real
167.9052429229879,Real
141.84277341263095,Real
170.5376777919744,Real
96.92721812600917,Real
150.80251395393555,Real
162.64597536373867,Real
164.63838368815135,Real
148.42018355952726,Real
148.32453126189077,Real
79.38034472384487,Real
171.86989764584402,Real
162.5972958686437,Real
153.86093189956517,Real
146.30993247402023,Real
147.0947570770121,Real
142.71833279400755,Real
157.83365417791754,Real
121.75948008481281,Real
173.8724307776709,Real
175.97173633351483,Real
113.19859051364818,Real
157.53678751059286,Real
115.55996517182382,Real
160.14478563067894,Real
102.52880770915152,Real
96.51980175165698,Real
162.89727103094762,Real
99.94057303311297,Real
144.2726017772003,Real
119.98163936884934,Real
171.86989764584402,Real
106.38954033403473,Real
66.37062226934319,Real
47.419509216656344,Real
23.76938885995374,Real
90.0,Real
79.38034472384487,Real
90.0,Real
138.3664606634298,Real
79.38034472384487,Real
162.14968169778317,Real
134.81576983262497,Real
174.73760460040486,Real
136.57655005518373,Real
174.14398641457106,Real
160.93080646265187,Real
55.109298492495185,Real
152.02841541861858,Real
114.44395478041653,Real
169.32105280346485,Real
85.13548556223948,Real
138.94518622903755,Real
121.64465903709257,Real
158.83874018317172,Real
118.8224297662723,Real
127.23483398157467,Real
178.66778014613035,Real
171.38435181583588,Real
95.1944289077348,Real
95.50547785797836,Real
174.85370531184,Real
109.89355395413416,Real
178.09084756700364,Real
131.58341180822865,Real
132.07502205084364,Real
65.25325178737384,Real
103.70696100407982,Real
80.06907499486857,Real
158.07041224982467,Real
178.11932176181338,Real
174.47245984834382,Real
124.84573341979976,Real
145.84030545433055,Real
174.24543466889784,Real
140.4037913602497,Real
138.73139699916047,Real
136.67239436108926,Real
159.22774531795417,Real
123.1297354684121,Real
120.96375653207352,Real
165.5297058999341,Real
173.08877288097534,Real
160.3461759419467,Real
168.27488798483492,Real
158.8601751913423,Real
161.77884040695508,Real
173.99099404250546,Real
142.1250163489018,Real
137.72631099390625,Real
108.74134044519275,Real
156.09794958898917,Real
147.3807569288072,Real
166.4295656148385,Real
175.95551442581888,Real
135.0,Real
71.76059915334885,Real
176.98721249581666,Real
176.40643381213482,Real
171.86989764584402,Real
175.96228937902288,Real
66.65043281467021,Real
141.18861596324157,Real
109.48935332644386,Real
151.76255446183274,Real
169.69515353123398,Real
142.1717121653871,Real
69.44395478041653,Real
113.62937773065681,Real
73.64761645680888,Real
91.13442163097702,Real
150.46121774044192,Real
127.87498365109822,Real
158.19859051364818,Real
168.11134196037202,Real
170.6045339804331,Real
176.18592516570965,Real
45.00000000000001,Real
19.65382405805332,Real
95.9061411137705,Real
163.6104596659652,Real
176.241444314528,Real
103.50980395328139,Real
114.35798968436279,Real
119.47588900324574,Real
128.29016319224309,Real
88.78112476486871,Real
148.79708537174594,Real
175.8150838748816,Real
170.3112134396332,Real
132.27368900609375,Real
110.47227951974192,Real
28.61045966596522,Real
151.60001367939148,Real
169.38034472384487,Real
87.36756513101352,Real
139.69868051729944,Real
125.81608074915567,Real
34.508522987668414,Real
104.45939515031851,Real
173.8844964337146,Real
115.55996517182382,Real
175.333141628561,Real
158.7011721803692,Real
99.77522080589326,Real
153.6792790242361,Real
167.7352262721076,Real
126.29262972847958,Real
120.32360686254995,Real
134.10482628978895,Real
133.31531568210372,Real
150.79240352885728,Real
25.016893478100037,Real
48.503531644784466,Real
128.81138403675843,Real
65.55604521958347,Real
176.82016988013575,Real
131.82016988013578,Real
113.19859051364818,Real
34.69515353123396,Real
141.3401917459099,Real
99.95062668795163,Real
139.3987053549955,Real
101.30993247402021,Real
101.30993247402017,Real
119.74488129694222,Real
83.6598082540901,Real
150.25511870305775,Real
139.7636416907262,Real
160.94899126867878,Real
119.74488129694222,Real
145.1755108430432,Real
154.7049288427414,Real
75.37912601136834,Real
162.5870676758639,Real
174.5596679689945,Real
107.98142969696403,Real
177.06432655357884,Real
174.80557109226518,Real
134.46454101443544,Real
153.23600594356137,Real
176.0010261560532,Real
21.80140948635181,Real
147.57893523749306,Real
152.98733465206146,Real
79.69515353123397,Real
77.7352262721076,Real
138.01278750418334,Real
160.55996517182382,Real
108.13808215559733,Real
77.68055474336339,Real
14.390463248740915,Real
85.8150838748816,Real
172.8749836510982,Real
174.8055710922652,Real
165.96375653207352,Real
84.7029518954032,Real
178.2832017887101,Real
132.62503848423864,Real
172.51004731536756,Real
164.74488129694222,Real
165.06858282186246,Real
165.96375653207352,Real
132.82525588538996,Real
138.3664606634298,Real
149.74356283647072,Real
165.34324888423959,Real
179.7862107701229,Real
141.0958615445958,Real
158.5639423884918,Real
122.78428086586914,Real
165.74652239001242,Real
127.77927809504317,Real
161.11743700621741,Real
158.28235621348972,Real
148.37444046487116,Real
157.80020655794996,Real
163.33652091711207,Real
162.3835066387666,Real
162.63476507636207,Real
104.83993916191292,Real
97.57294864054342,Real
132.46923698236458,Real
93.57633437499734,Real
178.55587446906418,Real
174.80557109226518,Real
146.7805237769154,Real
93.17983011986428,Real
119.05460409907714,Real
68.07041224982464,Real
26.56505117707799,Real
138.50353164478446,Real
150.2551187030578,Real
169.939310204677,Real
39.62329457194925,Real
149.3002774491856,Real
129.92039213998544,Real
88.78112476486871,Real
120.87371609360285,Real
46.941486390914385,Real
132.87890360333856,Real
178.66778014613035,Real
147.112622925985,Real
65.65891006330749,Real
96.30362775628953,Real
172.40535663140855,Real
52.68398182973398,Real
174.08607095919942,Real
100.40771131249005,Real
90.0,Real
105.41742925899447,Real
66.16125981682828,Real
129.21760767763595,Real
79.77783136636388,Real
178.8542371618249,Real
164.74488129694222,Real
132.6467031338917,Real
175.12610357779522,Real
178.35165549510387,Real
175.2363583092738,Real
163.23479749178964,Real
154.98310652189997,Real
160.0168934781,Real
165.5297058999341,Real
45.69446028754976,Real
89.37040139158972,Real
105.0684881594922,Real
125.53767779197437,Real
152.7232366168863,Real
92.97373108248011,Real
142.81529354676687,Real
76.13897243697885,Real
137.48955292199915,Real
156.03751102542182,Real
148.56105240071722,Real
139.02826366648517,Real
179.49851801811846,Real
152.65012421993012,Real
148.64291477599008,Real
160.6936996593996,Real
177.5773925418762,Real
164.93976414918083,Real
176.18592516570965,Real
173.6598082540901,Real
106.89864869403823,Real
138.57633437499737,Real
168.8961665633639,Real
175.53915174148344,Real
138.0996321205313,Real
178.2642954110716,Real
126.68235075589357,Real
137.56377021146503,Real
138.12213046211573,Real
129.36931724236476,Real
175.6012946450045,Real
123.69006752597974,Real
150.64224645720873,Real
153.434948822922,Real
168.56631873457331,Real
120.96375653207352,Real
110.95577673063215,Real
160.5599651718238,Real
99.6281561284867,Real
112.83365417791755,Real
107.75825848264269,Real
178.069412558833,Real
143.7707632827322,Real
139.81355089370655,Real
164.7061810127141,Real
164.156917882313,Real
139.57392125990086,Real
154.89543133476565,Real
166.47286489207696,Real
123.6900675259798,Real
123.4533094540727,Real
173.59564727361587,Real
178.71267105847497,Real
128.05720496157284,Real
145.75487770095026,Real
176.05481377096245,Real
156.4311672762332,Real
65.66875808306494,Real
166.6754687381092,Real
153.434948822922,Real
86.8065507267167,Real
176.09950625761812,Real
163.48429741104687,Real
159.70243022777132,Real
146.83556708047783,Real
150.25511870305778,Real
178.82366059930595,Real
48.93017554572549,Real
100.3920545894167,Real
164.26992716281367,Real
167.90524292298792,Real
148.72519451768295,Real
108.54795810342266,Real
155.55604521958347,Real
70.25316339457389,Real
173.3532344761856,Real
171.5156778650296,Real
72.89727103094764,Real
138.94518622903757,Real
115.65567072787886,Real
156.80140948635182,Real
180.0,Real
146.30993247402023,Real
149.67639313745,Real
77.0053832080835,Real
123.5579737438467,Real
73.96005669395034,Real
130.42607874009914,Real
91.32452191229117,Real
177.9174347202691,Real
171.98290692634467,Real
139.60448715698155,Real
170.65102241071273,Real
131.18592516570965,Real
168.15173376158555,Real
129.28940686250036,Real
144.46232220802563,Real
159.52772048025807,Real
71.87813975209865,Real
148.5704343851615,Real
83.48019824834302,Real
32.47119229084849,Real
164.98163936884936,Real
113.62937773065681,Real
133.39399701071775,Real
174.86024262100938,Real
142.78355952646538,Real
170.8376529542783,Real
167.8686789333675,Real
56.63363399894044,Real
177.43172611148776,Real
139.57392125990086,Real
140.3009265165257,Real
163.71263660537647,Real
175.81508387488157,Real
174.9575489308291,Real
159.07549825507886,Real
159.91802251581925,Real
81.11640335758216,Real
157.01128319791937,Real
156.09794958898917,Real
175.6676860168115,Real
141.1155035662854,Real
154.6538240580533,Real
165.96375653207352,Real
60.202408709176154,Real
67.16634582208246,Real
134.2151753970081,Real
164.19748604606448,Real
139.2538364361192,Real
18.434948822922006,Real
119.89515088742431,Real
114.77514056883189,Real
80.9806775686183,Real
169.7266693583707,Real
131.28976878469874,Real
65.74091554691705,Real
25.240529264786787,Real
175.8679397450474,Real
102.64215232788986,Real
112.38013505195957,Real
70.1231278053967,Real
158.47739989209293,Real
134.42127443439225,Real
121.60750224624888,Real
176.49646835521554,Real
139.16361262005324,Real
137.43969800352804,Real
96.31236475464806,Real
104.03624346792648,Real
158.8672455437617,Real
65.22485943116808,Real
56.5601307942178,Real
152.10272896905238,Real
67.88913964043468,Gaussian_Sim
139.36974379383474,Gaussian_Sim
156.81927254967002,Gaussian_Sim
120.87462947892178,Gaussian_Sim
26.470180448216468,Gaussian_Sim
31.442944312231074,Gaussian_Sim
94.26256815914131,Gaussian_Sim
163.6507600707851,Gaussian_Sim
176.1085144276659,Gaussian_Sim
101.59241748703523,Gaussian_Sim
116.91651299718288,Gaussian_Sim
96.4948768698967,Gaussian_Sim
46.88159070108464,Gaussian_Sim
170.57817295894517,Gaussian_Sim
75.92794944281697,Gaussian_Sim
14.73861326461931,Gaussian_Sim
152.51631574883132,Gaussian_Sim
10.02715970218411,Gaussian_Sim
60.99772837198173,Gaussian_Sim
35.066207754905335,Gaussian_Sim
49.216411213206854,Gaussian_Sim
153.02518367431674,Gaussian_Sim
31.540423993626113,Gaussian_Sim
57.29268931893726,Gaussian_Sim
35.69756635366326,Gaussian_Sim
22.336028133672713,Gaussian_Sim
39.23434061673898,Gaussian_Sim
78.02891055005375,Gaussian_Sim
3.885669760933407,Gaussian_Sim
23.715682070807837,Gaussian_Sim
174.50474692003309,Gaussian_Sim
73.30447102066212,Gaussian_Sim
89.4513094247842,Gaussian_Sim
103.8066277574687,Gaussian_Sim
43.423100025339835,Gaussian_Sim
123.3465571091829,Gaussian_Sim
161.2052552281932,Gaussian_Sim
30.58043868382682,Gaussian_Sim
33.1300214979199,Gaussian_Sim
69.29754761995729,Gaussian_Sim
139.9470067083076,Gaussian_Sim
177.02062187067065,Gaussian_Sim
86.50488840039064,Gaussian_Sim
23.765897821229558,Gaussian_Sim
126.88720308825998,Gaussian_Sim
150.14097882390334,Gaussian_Sim
66.39585181040053,Gaussian_Sim
154.86329084564107,Gaussian_Sim
156.49806433196235,Gaussian_Sim
31.323202846212723,Gaussian_Sim
178.61682696824985,Gaussian_Sim
46.36857823113664,Gaussian_Sim
141.76221036936485,Gaussian_Sim
128.7237789113649,Gaussian_Sim
69.77938780735228,Gaussian_Sim
162.30305591549913,Gaussian_Sim
92.90511014231939,Gaussian_Sim
128.0702305565171,Gaussian_Sim
147.7917828728501,Gaussian_Sim
78.38061258641333,Gaussian_Sim
12.363166637838532,Gaussian_Sim
120.02287587493478,Gaussian_Sim
41.06380666060877,Gaussian_Sim
123.84009829039096,Gaussian_Sim
91.3358665491747,Gaussian_Sim
6.851119787119179,Gaussian_Sim
32.85002933397606,Gaussian_Sim
69.27055370899109,Gaussian_Sim
32.59699815194766,Gaussian_Sim
123.35019800266716,Gaussian_Sim
94.44618217716004,Gaussian_Sim
92.06466360944091,Gaussian_Sim
43.47337527765312,Gaussian_Sim
167.76648150074837,Gaussian_Sim
44.554846379690325,Gaussian_Sim
8.63407725626066,Gaussian_Sim
121.99874336467684,Gaussian_Sim
108.3099528323405,Gaussian_Sim
109.89381513022309,Gaussian_Sim
1.6100201533430758,Gaussian_Sim
174.12544652599,Gaussian_Sim
139.13216922058513,Gaussian_Sim
81.79674804148083,Gaussian_Sim
110.96118282717714,Gaussian_Sim
122.90330038285701,Gaussian_Sim
178.90959358321192,Gaussian_Sim
55.538030709994615,Gaussian_Sim
92.03219038708775,Gaussian_Sim
159.180461956187,Gaussian_Sim
105.71319108979962,Gaussian_Sim
73.98918948621275,Gaussian_Sim
8.822787839872854,Gaussian_Sim
107.2343005746184,Gaussian_Sim
143.7540262284033,Gaussian_Sim
48.07229374507284,Gaussian_Sim
159.40487151322304,Gaussian_Sim
17.766183319104044,Gaussian_Sim
85.62387860633024,Gaussian_Sim
131.98376313247587,Gaussian_Sim
36.88094447483894,Gaussian_Sim
80.18377596286797,Gaussian_Sim
144.3959190758712,Gaussian_Sim
95.91702190814914,Gaussian_Sim
179.81582281768314,Gaussian_Sim
68.18683090800914,Gaussian_Sim
52.771134766155626,Gaussian_Sim
67.54908670166799,Gaussian_Sim
32.56081678626559,Gaussian_Sim
20.8206290084677,Gaussian_Sim
154.17186051862038,Gaussian_Sim
68.3133948064556,Gaussian_Sim
119.47597909775905,Gaussian_Sim
10.73634927491998,Gaussian_Sim
20.701962951590545,Gaussian_Sim
127.50342673628818,Gaussian_Sim
134.09557342686477,Gaussian_Sim
40.07229061665393,Gaussian_Sim
120.32349557186436,Gaussian_Sim
137.85457949513494,Gaussian_Sim
177.53657921401083,Gaussian_Sim
135.26577649315013,Gaussian_Sim
158.09587664319957,Gaussian_Sim
80.11749047804766,Gaussian_Sim
113.8420444292343,Gaussian_Sim
21.1199126243069,Gaussian_Sim
159.46950439783225,Gaussian_Sim
115.9920146270815,Gaussian_Sim
44.35013178229366,Gaussian_Sim
4.270476484345389,Gaussian_Sim
78.64658678078717,Gaussian_Sim
82.31662216985987,Gaussian_Sim
44.43158912954596,Gaussian_Sim
72.01864049756314,Gaussian_Sim
92.78218021529261,Gaussian_Sim
157.30554283573122,Gaussian_Sim
51.68218048232567,Gaussian_Sim
96.1620355957121,Gaussian_Sim
68.8843671664876,Gaussian_Sim
166.7578901958932,Gaussian_Sim
109.22353307192367,Gaussian_Sim
12.487695316477868,Gaussian_Sim
172.22003979869217,Gaussian_Sim
124.4291204125345,Gaussian_Sim
166.47465632345592,Gaussian_Sim
28.975557550725096,Gaussian_Sim
110.67687641247686,Gaussian_Sim
98.47380350180408,Gaussian_Sim
158.55468384167565,Gaussian_Sim
122.97959649052052,Gaussian_Sim
6.80757416851722,Gaussian_Sim
167.70436258553,Gaussian_Sim
169.88854079150636,Gaussian_Sim
153.57609725932127,Gaussian_Sim
134.5347930697224,Gaussian_Sim
171.0571817640726,Gaussian_Sim
170.1428376553583,Gaussian_Sim
159.6083548447973,Gaussian_Sim
179.64106566883166,Gaussian_Sim
144.03915821210012,Gaussian_Sim
5.6900696622791616,Gaussian_Sim
4.789025520790633,Gaussian_Sim
137.4645765543998,Gaussian_Sim
15.490708424535073,Gaussian_Sim
1.8111197193378201,Gaussian_Sim
2.7714286391146365,Gaussian_Sim
177.19139292763015,Gaussian_Sim
11.52401857676337,Gaussian_Sim
66.33660601509031,Gaussian_Sim
60.62813328080733,Gaussian_Sim
163.2676151246852,Gaussian_Sim
129.0782701267393,Gaussian_Sim
74.03549484043049,Gaussian_Sim
92.19619267930524,Gaussian_Sim
40.03108677844847,Gaussian_Sim
34.93662692220606,Gaussian_Sim
70.74453328017502,Gaussian_Sim
122.12432559391965,Gaussian_Sim
17.199467630761205,Gaussian_Sim
38.73767627924377,Gaussian_Sim
66.59841314023494,Gaussian_Sim
120.52735564691521,Gaussian_Sim
82.39217859344309,Gaussian_Sim
22.386979389751705,Gaussian_Sim
96.20039084656328,Gaussian_Sim
69.01490784638929,Gaussian_Sim
126.93613207304956,Gaussian_Sim
140.0883430222702,Gaussian_Sim
90.69026712238049,Gaussian_Sim
168.04332291053632,Gaussian_Sim
31.761596486206212,Gaussian_Sim
144.48789775427997,Gaussian_Sim
165.7281955281841,Gaussian_Sim
136.51645118832968,Gaussian_Sim
104.03302222758562,Gaussian_Sim
107.05974588524485,Gaussian_Sim
91.55806803211614,Gaussian_Sim
163.7553055890889,Gaussian_Sim
34.88669612619587,Gaussian_Sim
46.77075444607058,Gaussian_Sim
42.31961872579552,Gaussian_Sim
149.14345689973206,Gaussian_Sim
148.11264590561507,Gaussian_Sim
119.86771240666158,Gaussian_Sim
20.842737718683285,Gaussian_Sim
86.60084258504072,Gaussian_Sim
153.38540501155163,Gaussian_Sim
54.58158877075647,Gaussian_Sim
58.7650363796524,Gaussian_Sim
78.01359697891311,Gaussian_Sim
37.58210537622479,Gaussian_Sim
28.11966028302129,Gaussian_Sim
37.97042797214125,Gaussian_Sim
32.46592585299005,Gaussian_Sim
53.64551802533682,Gaussian_Sim
44.54756148597418,Gaussian_Sim
52.34984460431096,Gaussian_Sim
13.819917671792894,Gaussian_Sim
10.5278414133274,Gaussian_Sim
60.789254231533846,Gaussian_Sim
18.288385834786137,Gaussian_Sim
71.67344782455403,Gaussian_Sim
47.26630320419122,Gaussian_Sim
132.91983037176186,Gaussian_Sim
5.762116178013308,Gaussian_Sim
38.942734117282384,Gaussian_Sim
101.28227154478567,Gaussian_Sim
47.11630594512644,Gaussian_Sim
159.66308108873923,Gaussian_Sim
40.60298880400104,Gaussian_Sim
173.14849959164516,Gaussian_Sim
98.07186608014344,Gaussian_Sim
97.01368479755234,Gaussian_Sim
8.579472339698583,Gaussian_Sim
146.1132156657719,Gaussian_Sim
10.111580598729748,Gaussian_Sim
148.74229212616657,Gaussian_Sim
4.594738455392177,Gaussian_Sim
4.576729126875322,Gaussian_Sim
76.47879919022932,Gaussian_Sim
17.840069131216282,Gaussian_Sim
51.078801414053736,Gaussian_Sim
66.40018219291085,Gaussian_Sim
109.53447555295072,Gaussian_Sim
108.92393308732811,Gaussian_Sim
16.81088194629468,Gaussian_Sim
70.80851570162243,Gaussian_Sim
66.94356566006364,Gaussian_Sim
57.08657518277182,Gaussian_Sim
17.332416652319402,Gaussian_Sim
74.11411278057614,Gaussian_Sim
70.52944875335187,Gaussian_Sim
99.57804189074369,Gaussian_Sim
51.01799748121733,Gaussian_Sim
59.734483025923545,Gaussian_Sim
148.40058034596768,Gaussian_Sim
73.98753359577903,Gaussian_Sim
56.77054359970827,Gaussian_Sim
151.70270304005382,Gaussian_Sim
162.1770217510758,Gaussian_Sim
153.05283961778414,Gaussian_Sim
139.9095055921852,Gaussian_Sim
49.629858938301815,Gaussian_Sim
41.51992983157661,Gaussian_Sim
169.15471469728575,Gaussian_Sim
18.533728960516395,Gaussian_Sim
28.080105079645815,Gaussian_Sim
62.14158182727269,Gaussian_Sim
29.97403605886616,Gaussian_Sim
15.0069095897692,Gaussian_Sim
77.40751134889197,Gaussian_Sim
91.82777043399437,Gaussian_Sim
134.53782294006334,Gaussian_Sim
66.69707824744361,Gaussian_Sim
38.680938408492814,Gaussian_Sim
108.01668263812712,Gaussian_Sim
30.397569037194422,Gaussian_Sim
93.77667664118876,Gaussian_Sim
101.31752627788035,Gaussian_Sim
89.93415680060417,Gaussian_Sim
165.73810564656839,Gaussian_Sim
10.990692681025601,Gaussian_Sim
175.49376507034668,Gaussian_Sim
71.1429456425907,Gaussian_Sim
123.34440894790279,Gaussian_Sim
159.52009619978332,Gaussian_Sim
16.668492316151852,Gaussian_Sim
11.346055680516422,Gaussian_Sim
157.4965810906956,Gaussian_Sim
153.49394750792104,Gaussian_Sim
44.60399376426221,Gaussian_Sim
86.82101639424918,Gaussian_Sim
48.19859726683493,Gaussian_Sim
46.629094850911315,Gaussian_Sim
30.86381693245328,Gaussian_Sim
18.556689509390008,Gaussian_Sim
10.891631252154777,Gaussian_Sim
70.81582658385582,Gaussian_Sim
160.53514898096253,Gaussian_Sim
34.521233435641086,Gaussian_Sim
18.872556986031544,Gaussian_Sim
10.2145943589503,Gaussian_Sim
44.63145062886434,Gaussian_Sim
125.63078110122972,Gaussian_Sim
153.04167881779605,Gaussian_Sim
153.60717522544445,Gaussian_Sim
53.11212799574543,Gaussian_Sim
168.2576862977511,Gaussian_Sim
139.31587914424398,Gaussian_Sim
136.09085446514905,Gaussian_Sim
155.12264743322942,Gaussian_Sim
23.714896549551856,Gaussian_Sim
74.45666697765161,Gaussian_Sim
54.92546792419067,Gaussian_Sim
4.940694617515257,Gaussian_Sim
162.62827731358976,Gaussian_Sim
171.9672661324495,Gaussian_Sim
142.50511641962802,Gaussian_Sim
29.510438824176457,Gaussian_Sim
21.350283398720993,Gaussian_Sim
72.0753256890241,Gaussian_Sim
43.50902862341316,Gaussian_Sim
79.06007560991974,Gaussian_Sim
165.77067401938234,Gaussian_Sim
151.05724574698044,Gaussian_Sim
168.42876961311205,Gaussian_Sim
85.81412478364324,Gaussian_Sim
95.24604299972768,Gaussian_Sim
120.26942913412097,Gaussian_Sim
130.99528464917967,Gaussian_Sim
86.5375103394295,Gaussian_Sim
148.8669626770357,Gaussian_Sim
147.02852456002807,Gaussian_Sim
17.54064492438112,Gaussian_Sim
85.0103017588214,Gaussian_Sim
159.7880524298107,Gaussian_Sim
34.50614603575528,Gaussian_Sim
55.2015886739217,Gaussian_Sim
91.96010122000732,Gaussian_Sim
140.93737896029032,Gaussian_Sim
107.71809593683186,Gaussian_Sim
165.77676608838212,Gaussian_Sim
9.118828415048597,Gaussian_Sim
43.69182001903103,Gaussian_Sim
116.06203728391895,Gaussian_Sim
63.12525109143662,Gaussian_Sim
97.1023664429004,Gaussian_Sim
68.78903357173566,Gaussian_Sim
95.34645520218056,Gaussian_Sim
29.944845613182107,Gaussian_Sim
5.524031005698483,Gaussian_Sim
81.39539993344079,Gaussian_Sim
34.17118613737254,Gaussian_Sim
7.595728533041743,Gaussian_Sim
146.083840417295,Gaussian_Sim
20.845992374010006,Gaussian_Sim
78.19069040956667,Gaussian_Sim
107.38907739664819,Gaussian_Sim
24.686795429054474,Gaussian_Sim
66.82883538757318,Gaussian_Sim
72.3023635231134,Gaussian_Sim
11.871222413145514,Gaussian_Sim
122.05094077399558,Gaussian_Sim
92.54700519557109,Gaussian_Sim
52.946319278413,Gaussian_Sim
159.32062738188097,Gaussian_Sim
162.52331376427279,Gaussian_Sim
54.90687847996411,Gaussian_Sim
111.54440027375166,Gaussian_Sim
51.982718436870016,Gaussian_Sim
39.063919814899315,Gaussian_Sim
158.58837823772456,Gaussian_Sim
26.676480313899088,Gaussian_Sim
89.43636071644957,Gaussian_Sim
147.45072406528988,Gaussian_Sim
63.10798913054572,Gaussian_Sim
155.85529347184197,Gaussian_Sim
67.10655459149682,Gaussian_Sim
106.14215996100604,Gaussian_Sim
132.51543967604178,Gaussian_Sim
48.49959191444527,Gaussian_Sim
83.78813726461041,Gaussian_Sim
105.75830385735772,Gaussian_Sim
152.34655763663926,Gaussian_Sim
93.72479121416062,Gaussian_Sim
152.37794709224178,Gaussian_Sim
3.5227251639877926,Gaussian_Sim
60.578317410035645,Gaussian_Sim
38.38421563015765,Gaussian_Sim
149.08574917806143,Gaussian_Sim
83.34698670801501,Gaussian_Sim
172.6738038950639,Gaussian_Sim
13.109563220494993,Gaussian_Sim
22.65167475549966,Gaussian_Sim
24.535534973115666,Gaussian_Sim
173.2506746586491,Gaussian_Sim
68.00353765103546,Gaussian_Sim
145.22030876415732,Gaussian_Sim
110.44980748058725,Gaussian_Sim
172.19059129867486,Gaussian_Sim
105.4532364368364,Gaussian_Sim
93.92380445440983,Gaussian_Sim
75.86887980139112,Gaussian_Sim
73.92676863257742,Gaussian_Sim
140.64643341067136,Gaussian_Sim
128.2730019418309,Gaussian_Sim
156.37777075211827,Gaussian_Sim
108.57656971960694,Gaussian_Sim
71.78701381130526,Gaussian_Sim
22.564218390518487,Gaussian_Sim
54.54620957894065,Gaussian_Sim
142.47821127606824,Gaussian_Sim
43.626045843280046,Gaussian_Sim
69.61192542282309,Gaussian_Sim
28.715142625631653,Gaussian_Sim
8.269471980041555,Gaussian_Sim
19.66869046623005,Gaussian_Sim
173.17095803685132,Gaussian_Sim
179.22061888969225,Gaussian_Sim
146.55477236029068,Gaussian_Sim
153.30168080168784,Gaussian_Sim
114.94069770323429,Gaussian_Sim
169.46937887698041,Gaussian_Sim
19.198638538389115,Gaussian_Sim
79.07050901305246,Gaussian_Sim
123.87517336628397,Gaussian_Sim
7.442887205406021,Gaussian_Sim
49.04211893572986,Gaussian_Sim
160.60194779666162,Gaussian_Sim
59.38525201618886,Gaussian_Sim
21.407367693968354,Gaussian_Sim
167.19474635213427,Gaussian_Sim
86.4592192644931,Gaussian_Sim
132.75875903417304,Gaussian_Sim
2.4663108049386007,Gaussian_Sim
160.6873899397164,Gaussian_Sim
169.9945352852414,Gaussian_Sim
72.80262340166622,Gaussian_Sim
94.0382960230833,Gaussian_Sim
87.83070669178646,Gaussian_Sim
116.96035710755731,Gaussian_Sim
31.876389124290554,Gaussian_Sim
154.4377528175924,Gaussian_Sim
117.39253268006148,Gaussian_Sim
136.11332564723713,Gaussian_Sim
128.02834408827349,Gaussian_Sim
146.0514941496073,Gaussian_Sim
144.3897752243933,Gaussian_Sim
28.369899335090867,Gaussian_Sim
175.7695842324994,Gaussian_Sim
112.60498351062157,Gaussian_Sim
14.22961250085838,Gaussian_Sim
143.75239143623708,Gaussian_Sim
25.918409978804732,Gaussian_Sim
162.3768250585503,Gaussian_Sim
157.38153264307792,Gaussian_Sim
12.218155319666735,Gaussian_Sim
146.0545574974684,Gaussian_Sim
50.19632902350299,Gaussian_Sim
70.22328507250863,Gaussian_Sim
52.26130732262231,Gaussian_Sim
70.38365346551234,Gaussian_Sim
107.18118783486597,Gaussian_Sim
19.631395592067857,Gaussian_Sim
54.882371945288014,Gaussian_Sim
101.29335105760207,Gaussian_Sim
87.59127972659788,Gaussian_Sim
29.733557944737626,Gaussian_Sim
99.25308418632635,Gaussian_Sim
57.290291091330175,Gaussian_Sim
124.65243858472127,Gaussian_Sim
108.35282816089217,Gaussian_Sim
123.39832086535111,Gaussian_Sim
137.8821544831635,Gaussian_Sim
122.4561536110597,Gaussian_Sim
132.50298085156024,Gaussian_Sim
160.32995939282637,Gaussian_Sim
106.11367361264476,Gaussian_Sim
13.705041195186173,Gaussian_Sim
105.42519824502945,Gaussian_Sim
137.38316418837059,Gaussian_Sim
157.1397298466101,Gaussian_Sim
63.122952914010604,Gaussian_Sim
104.73027357856796,Gaussian_Sim
61.18035916643907,Gaussian_Sim
133.83841210412294,Gaussian_Sim
48.36854747185447,Gaussian_Sim
24.85338049288861,Gaussian_Sim
62.747633970753654,Gaussian_Sim
23.95836893954417,Gaussian_Sim
170.14484867960468,Gaussian_Sim
110.04420923322779,Gaussian_Sim
162.19396453919103,Gaussian_Sim
173.0746366090665,Gaussian_Sim
167.8521366631095,Gaussian_Sim
174.42703034300402,Gaussian_Sim
90.90268502682096,Gaussian_Sim
27.199661835829154,Gaussian_Sim
50.76113406280223,Gaussian_Sim
120.18406462725886,Gaussian_Sim
21.691623892344303,Gaussian_Sim
11.931417955980187,Gaussian_Sim
69.67502097671832,Gaussian_Sim
68.32028514862344,Gaussian_Sim
34.37064302108003,Gaussian_Sim
107.22694248843968,Gaussian_Sim
94.81097180538467,Gaussian_Sim
66.9997196224524,Gaussian_Sim
51.847912938941185,Gaussian_Sim
1.202907093521165,Gaussian_Sim
167.86851676773463,Gaussian_Sim
58.79739845246956,Gaussian_Sim
162.3680309298976,Gaussian_Sim
32.64748453912543,Gaussian_Sim
134.7331373463846,Gaussian_Sim
4.939356812039015,Gaussian_Sim
25.050810999919527,Gaussian_Sim
128.71412882241074,Gaussian_Sim
21.003431193214055,Gaussian_Sim
88.74087257967605,Gaussian_Sim
45.066424369999574,Gaussian_Sim
17.057737964306565,Gaussian_Sim
142.06479290273555,Gaussian_Sim
19.196227159300758,Gaussian_Sim
86.02197066967813,Gaussian_Sim
68.443919013057,Gaussian_Sim
169.3046861975302,Gaussian_Sim
122.72973868824953,Gaussian_Sim
155.88034328402472,Gaussian_Sim
108.1898649244142,Gaussian_Sim
176.78065367230454,Gaussian_Sim
115.39350747912553,Gaussian_Sim
3.304416371926264,Gaussian_Sim
18.375729218800497,Gaussian_Sim
179.3389727933512,Gaussian_Sim
150.98777424318678,Gaussian_Sim
85.59690501588274,Gaussian_Sim
54.46550710198362,Gaussian_Sim
83.4182374121958,Gaussian_Sim
148.1734521607879,Gaussian_Sim
102.23001794241928,Gaussian_Sim
37.10687078549684,Gaussian_Sim
86.26217356422192,Gaussian_Sim
60.41949586710155,Gaussian_Sim
81.93693034041667,Gaussian_Sim
124.86842120019422,Gaussian_Sim
157.99605920119265,Gaussian_Sim
165.97712571253058,Gaussian_Sim
49.51084356370237,Gaussian_Sim
37.27148637900149,Gaussian_Sim
62.90171718426626,Gaussian_Sim
141.13707194755747,Gaussian_Sim
158.58551319690648,Gaussian_Sim
156.50016710572623,Gaussian_Sim
163.10726302736424,Gaussian_Sim
21.552562962507103,Gaussian_Sim
48.95189282934814,Gaussian_Sim
102.50638228218921,Gaussian_Sim
58.12159337017426,Gaussian_Sim
48.933787505279774,Gaussian_Sim
80.49021785957444,Gaussian_Sim
121.59072645142737,Gaussian_Sim
65.81527753711252,Gaussian_Sim
69.54849558618952,Gaussian_Sim
25.664076383829304,Gaussian_Sim
117.24389962952323,Gaussian_Sim
146.42814206348783,Gaussian_Sim
176.6976202144342,Gaussian_Sim
174.37703874999363,Gaussian_Sim
149.5165501717682,Gaussian_Sim
120.36060474464239,Gaussian_Sim
130.10125819034886,Gaussian_Sim
172.63007418548293,Gaussian_Sim
164.74679919696902,Gaussian_Sim
56.17553001363052,Gaussian_Sim
62.218987739280124,Gaussian_Sim
60.40026317681656,Gaussian_Sim
156.33897796688785,Gaussian_Sim
101.33973228239188,Gaussian_Sim
6.776921626180592,Gaussian_Sim
165.61690642289105,Gaussian_Sim
141.4643035391202,Gaussian_Sim
57.38926454542262,Gaussian_Sim
31.681828551574583,Gaussian_Sim
113.1108747204384,Gaussian_Sim
2.851736515291608,Gaussian_Sim
106.97114550769422,Gaussian_Sim
99.87645957848486,Gaussian_Sim
26.58502227493862,Gaussian_Sim
65.18870961994341,Gaussian_Sim
151.6422472302288,Gaussian_Sim
18.9923068707776,Gaussian_Sim
161.4476701820045,Gaussian_Sim
10.256972806869125,Gaussian_Sim
156.2099666105693,Gaussian_Sim
15.5377723578115,Gaussian_Sim
109.37485582859732,Gaussian_Sim
122.03840534337974,Gaussian_Sim
108.48403809570591,Gaussian_Sim
105.39263216186188,Gaussian_Sim
14.443851647700232,Gaussian_Sim
73.20309298004105,Gaussian_Sim
135.39991957269638,Gaussian_Sim
118.3164795612971,Gaussian_Sim
78.91316214794738,Gaussian_Sim
89.76657228670746,Gaussian_Sim
88.92599020036552,Gaussian_Sim
93.68146191261775,Gaussian_Sim
104.32965212025823,Gaussian_Sim
167.11355001228344,Gaussian_Sim
92.36917396490117,Gaussian_Sim
89.37371177824491,Gaussian_Sim
45.78840041694596,Gaussian_Sim
20.734224552812922,Gaussian_Sim
69.21003365312227,Gaussian_Sim
51.13219166996764,Gaussian_Sim
132.40398380156034,Gaussian_Sim
134.7982858881078,Gaussian_Sim
5.104011301576934,Gaussian_Sim
121.62817580824752,Gaussian_Sim
104.52063218609203,Gaussian_Sim
39.07918856041773,Gaussian_Sim
158.26018285109316,Gaussian_Sim
15.771548922682209,Gaussian_Sim
177.2571742092676,Gaussian_Sim
15.046164031189667,Gaussian_Sim
166.9176607331301,Gaussian_Sim
64.05559421262433,Gaussian_Sim
141.33790469366423,Gaussian_Sim
101.81101301838675,Gaussian_Sim
37.919247907286,Gaussian_Sim
39.676999773316595,Gaussian_Sim
68.71412877619812,Gaussian_Sim
77.92446793337479,Gaussian_Sim
140.90511751486318,Gaussian_Sim
140.74230805799823,Gaussian_Sim
66.48064332481182,Gaussian_Sim
102.28205469138335,Gaussian_Sim
135.83327629247432,Gaussian_Sim
61.33956486500825,Gaussian_Sim
16.741629366378927,Gaussian_Sim
164.07636600117982,Gaussian_Sim
96.2759526625982,Gaussian_Sim
76.3345930094487,Gaussian_Sim
61.06561500127134,Gaussian_Sim
67.51599200790064,Gaussian_Sim
112.24756430367266,Gaussian_Sim
157.05233538712048,Gaussian_Sim
69.69673738409278,Gaussian_Sim
75.50622779220103,Gaussian_Sim
94.40769372254863,Gaussian_Sim
152.79496206598265,Gaussian_Sim
61.49597329770126,Gaussian_Sim
70.40205854194085,Gaussian_Sim
2.637381834360089,Gaussian_Sim
15.933775599109437,Gaussian_Sim
156.14298657291172,Gaussian_Sim
131.7285560180184,Gaussian_Sim
156.55307512129858,Gaussian_Sim
54.540514507241454,Gaussian_Sim
104.95702151180222,Gaussian_Sim
3.16453664286911,Gaussian_Sim
27.768049252763156,Gaussian_Sim
111.77297965258579,Gaussian_Sim
98.11497807840156,Gaussian_Sim
63.54805079967515,Gaussian_Sim
141.45158694114915,Gaussian_Sim
135.34213150169728,Gaussian_Sim
175.24702851062818,Gaussian_Sim
0.15973420685590453,Gaussian_Sim
37.29781657903942,Gaussian_Sim
19.762390527807252,Gaussian_Sim
170.86193955075316,Gaussian_Sim
106.25740909870242,Gaussian_Sim
42.990837919570126,Gaussian_Sim
15.368513943122242,Gaussian_Sim
139.02774522233113,Gaussian_Sim
107.39082136714136,Gaussian_Sim
30.447209691320793,Gaussian_Sim
123.3676446356846,Gaussian_Sim
6.5702209870514725,Gaussian_Sim
170.25510251877455,Gaussian_Sim
137.22943492492016,Gaussian_Sim
54.27273881322497,Gaussian_Sim
73.82052431087428,Gaussian_Sim
5.831729327660786,Gaussian_Sim
31.79444722154867,Gaussian_Sim
139.76533286332267,Gaussian_Sim
100.43772687189654,Gaussian_Sim
127.54467052163206,Gaussian_Sim
177.43201630431156,Gaussian_Sim
116.83020701640544,Gaussian_Sim
146.58008525052023,Gaussian_Sim
67.04869525360238,Gaussian_Sim
103.49232551766595,Gaussian_Sim
157.50125475419392,Gaussian_Sim
52.26039755573517,Gaussian_Sim
113.51834840177719,Gaussian_Sim
177.1086073085393,Gaussian_Sim
23.35466820036721,Gaussian_Sim
133.07453088925803,Gaussian_Sim
82.95784494666157,Gaussian_Sim
143.25079209121375,Gaussian_Sim
47.6201317493149,Gaussian_Sim
72.79529423351833,Gaussian_Sim
166.2532426658907,Gaussian_Sim
159.50318764326227,Gaussian_Sim
138.49408313860584,Gaussian_Sim
112.00159566682768,Gaussian_Sim
19.796113854541293,Gaussian_Sim
52.179244442891374,Gaussian_Sim
133.5488455951807,Gaussian_Sim
92.27850992771162,Gaussian_Sim
165.65801655517987,Gaussian_Sim
177.24427721281805,Gaussian_Sim
31.337447265977858,Gaussian_Sim
103.16466724954192,Gaussian_Sim
62.95161369457036,Gaussian_Sim
173.55352800266098,Gaussian_Sim
51.65812841601817,Gaussian_Sim
42.79206663728755,Gaussian_Sim
58.88231661269271,Gaussian_Sim
135.84285549497918,Gaussian_Sim
24.61177867853495,Gaussian_Sim
69.34025246242686,Gaussian_Sim
110.27001858643976,Gaussian_Sim
3.1771034048991917,Gaussian_Sim
122.09237283364469,Gaussian_Sim
1.6535327005498095,Gaussian_Sim
16.89843187993382,Gaussian_Sim
40.00156315173109,Gaussian_Sim
80.93884567993729,Gaussian_Sim
155.6124346000658,Gaussian_Sim
50.07665947093689,Gaussian_Sim
27.92292969636962,Gaussian_Sim
170.23627693517267,Gaussian_Sim
100.88608524091086,Gaussian_Sim
136.43621332242037,Gaussian_Sim
9.648007108505665,Gaussian_Sim
62.07000235426662,Gaussian_Sim
10.29144490184074,Gaussian_Sim
94.79354804193049,Gaussian_Sim
44.19427198079405,Gaussian_Sim
162.84521530609626,Gaussian_Sim
177.3303045435584,Gaussian_Sim
52.67690975275076,Gaussian_Sim
109.7704596470761,Gaussian_Sim
138.90402562398856,Gaussian_Sim
73.66731737044928,Gaussian_Sim
65.06773152160845,Gaussian_Sim
85.85530607400194,Gaussian_Sim
13.32052238652799,Gaussian_Sim
55.23913804744976,Gaussian_Sim
27.53113812810204,Gaussian_Sim
113.96441275597405,Gaussian_Sim
149.20658100271208,Gaussian_Sim
22.664052505743925,Gaussian_Sim
83.71889228546874,Gaussian_Sim
49.421889130989,Gaussian_Sim
168.00390687340453,Gaussian_Sim
81.9543813703138,Gaussian_Sim
107.96635192328372,Gaussian_Sim
58.52927167503799,Gaussian_Sim
145.17437407409244,Gaussian_Sim
174.67875165651174,Gaussian_Sim
168.87544564929198,Gaussian_Sim
17.992455610878718,Gaussian_Sim
41.05298538662203,Gaussian_Sim
51.26691167614285,Gaussian_Sim
80.08695235037061,Gaussian_Sim
83.7859106395855,Gaussian_Sim
37.33258154182229,Gaussian_Sim
31.50302740006131,Gaussian_Sim
73.4217981126242,Gaussian_Sim
105.18769462338352,Gaussian_Sim
93.06712624068126,Gaussian_Sim
54.66729613346338,Gaussian_Sim
99.31832863695479,Gaussian_Sim
24.497056699481533,Gaussian_Sim
17.61637869828013,Gaussian_Sim
153.33125751490064,Gaussian_Sim
33.120435824476864,Gaussian_Sim
85.05393138262524,Gaussian_Sim
57.368031434073345,Gaussian_Sim
28.2963741228657,Gaussian_Sim
138.85530694487218,Gaussian_Sim
117.86035067447133,Gaussian_Sim
15.125930041887726,Gaussian_Sim
142.04525814071712,Gaussian_Sim
14.697650080735553,Gaussian_Sim
59.46414807374947,Gaussian_Sim
29.828178997315327,Gaussian_Sim
81.13127294093927,Gaussian_Sim
99.37357962142255,Gaussian_Sim
115.99733974306227,Gaussian_Sim
48.076700353209155,Gaussian_Sim
40.9130424340193,Gaussian_Sim
140.53851676765746,Gaussian_Sim
54.13987625032644,Gaussian_Sim
41.985022507461906,Gaussian_Sim
7.016045716690117,Gaussian_Sim
97.67438417907825,Gaussian_Sim
115.31727888996107,Gaussian_Sim
121.2685118153852,Gaussian_Sim
55.381346058373,Gaussian_Sim
108.32188206701404,Gaussian_Sim
14.821740194428003,Gaussian_Sim
111.67469512322904,Gaussian_Sim
26.456328260800703,Gaussian_Sim
154.70463550485093,Gaussian_Sim
24.43092210869575,Gaussian_Sim
131.1859480548554,Gaussian_Sim
93.81003352821823,Gaussian_Sim
120.4627524726507,Gaussian_Sim
30.50573951192206,Gaussian_Sim
71.45251702053592,Gaussian_Sim
30.327373442715658,Gaussian_Sim
4.762887683478586,Gaussian_Sim
96.69405102128295,Gaussian_Sim
120.33728046767455,Gaussian_Sim
160.3452468755708,Gaussian_Sim
138.62379737317227,Gaussian_Sim
20.77655890745259,Gaussian_Sim
139.43295697908758,Gaussian_Sim
157.8368724964978,Gaussian_Sim
145.53977364214387,Gaussian_Sim
88.47090480615864,Gaussian_Sim
91.91029485396665,Gaussian_Sim
3.4148368432468543,Gaussian_Sim
79.36584863946887,Gaussian_Sim
1.136009488175333,Gaussian_Sim
45.22259982689676,Gaussian_Sim
28.315160656337767,Gaussian_Sim
79.98412119609229,Gaussian_Sim
159.58984100099352,Gaussian_Sim
78.59438526229526,Gaussian_Sim
63.66397395847406,Gaussian_Sim
97.9849574958247,Gaussian_Sim
45.46290247156438,Gaussian_Sim
20.497152774389043,Gaussian_Sim
67.66915008624416,Gaussian_Sim
25.832887691879634,Gaussian_Sim
26.11530997598416,Gaussian_Sim
145.3580354232826,Gaussian_Sim
168.26558379660804,Gaussian_Sim
82.88183190672117,Gaussian_Sim
153.8251512913878,Gaussian_Sim
41.28376619507674,Gaussian_Sim
52.767456665483095,Gaussian_Sim
59.613347028338104,Gaussian_Sim
25.02703980479569,Gaussian_Sim
174.75239449195496,Gaussian_Sim
108.650367501341,Gaussian_Sim
130.5573554344638,Gaussian_Sim
149.24044178146372,Gaussian_Sim
8.009718800830784,Gaussian_Sim
125.52001564361518,Gaussian_Sim
91.74774422435179,Gaussian_Sim
131.06895897736885,Gaussian_Sim
19.93798191040986,Gaussian_Sim
100.28252149687228,Gaussian_Sim
80.41556499479924,Gaussian_Sim
89.18021731551629,Gaussian_Sim
149.2108479851502,Gaussian_Sim
68.223369063672,Gaussian_Sim
133.7113654380157,Gaussian_Sim
89.23760384486935,Gaussian_Sim
110.14718928951743,Gaussian_Sim
80.5307963449381,Gaussian_Sim
8.76112689096054,Gaussian_Sim
91.6690407534042,Gaussian_Sim
114.76421418083808,Gaussian_Sim
41.66095493953189,Gaussian_Sim
96.66140717134124,Gaussian_Sim
24.79569367353318,Gaussian_Sim
37.66474329243655,Gaussian_Sim
91.9418698097932,Gaussian_Sim
42.049811825859265,Gaussian_Sim
177.2978388067267,Gaussian_Sim
163.13043818670224,Gaussian_Sim
116.52429298235344,Gaussian_Sim
65.99594985166527,Gaussian_Sim
149.73128745475648,Gaussian_Sim
118.41907109526831,Gaussian_Sim
165.87831953735116,Gaussian_Sim
172.33109533415487,Gaussian_Sim
63.95372725615981,Gaussian_Sim
47.376105892832435,Gaussian_Sim
16.62956110475956,Gaussian_Sim
146.7134462725469,Gaussian_Sim
132.88459149317544,Gaussian_Sim
107.92608909016798,Gaussian_Sim
20.135856356058504,Gaussian_Sim
54.472693067246475,Gaussian_Sim
51.108120850680336,Gaussian_Sim
56.71784281345373,Gaussian_Sim
71.10058295916883,Gaussian_Sim
79.3257601745014,Gaussian_Sim
134.938343673339,Gaussian_Sim
35.47728095372922,Gaussian_Sim
61.353885243330936,Gaussian_Sim
167.25912521789178,Gaussian_Sim
37.680045435301565,Gaussian_Sim
113.50589433406557,Gaussian_Sim
25.413807312468467,Gaussian_Sim
28.586727038090437,Gaussian_Sim
150.22606895531393,Gaussian_Sim
117.45422766273472,Gaussian_Sim
119.46962099973507,Gaussian_Sim
179.81896252369552,Gaussian_Sim
57.54044750468764,Gaussian_Sim
128.63397588991793,Gaussian_Sim
9.054162565731716,Gaussian_Sim
43.8754639038833,Gaussian_Sim
105.83612862067878,Gaussian_Sim
14.364063644365093,Gaussian_Sim
102.65958575565048,Gaussian_Sim
49.6043310789849,Gaussian_Sim
141.17579048272924,Gaussian_Sim
33.321288959525965,Gaussian_Sim
126.27158744501855,Gaussian_Sim
28.890203172200916,Gaussian_Sim
7.012568058933221,Gaussian_Sim
26.284944706359212,Gaussian_Sim
73.37209370319033,Gaussian_Sim
158.14115817800774,Gaussian_Sim
42.58080084544641,Gaussian_Sim
3.470442459291388,Gaussian_Sim
0.7995575198981679,Gaussian_Sim
21.87213606083696,Gaussian_Sim
45.72993069880124,Gaussian_Sim
111.76912602605884,Gaussian_Sim
80.60884601937039,Gaussian_Sim
138.99829362050897,Gaussian_Sim
1.2693505667329354,Gaussian_Sim
161.80342809303215,Gaussian_Sim
28.16040592333465,Gaussian_Sim
27.011982619239213,Gaussian_Sim
165.4238922631855,Gaussian_Sim
53.065448927642294,Gaussian_Sim
65.73773224435635,Gaussian_Sim
122.52575846429751,Gaussian_Sim
130.34931449031845,Gaussian_Sim
148.84216224743068,Gaussian_Sim
165.23603945239526,Gaussian_Sim
146.37793157848998,Gaussian_Sim
148.14352858597044,Gaussian_Sim
98.43584499975066,Gaussian_Sim
23.724091753927887,Gaussian_Sim
75.88989117366135,Gaussian_Sim
113.66349590214715,Gaussian_Sim
103.14879025849007,Gaussian_Sim
176.5772331819543,Gaussian_Sim
69.47982332150333,Gaussian_Sim
18.862955286198364,Gaussian_Sim
55.47336264768414,Gaussian_Sim
139.2630766235391,Gaussian_Sim
85.40484595730612,Gaussian_Sim
128.3235569190619,Gaussian_Sim
16.04460070030102,Gaussian_Sim
67.97076726600065,Gaussian_Sim
95.29193531311749,Gaussian_Sim
89.09339277654558,Gaussian_Sim
94.01739930967022,Gaussian_Sim
17.443424060509425,Gaussian_Sim
154.78628209263601,Gaussian_Sim
167.68712019252334,Gaussian_Sim
3.847269129874845,Gaussian_Sim
67.60286160439875,Gaussian_Sim
7.933759414787783,Gaussian_Sim
27.863258516741677,Gaussian_Sim
178.46133595164002,Gaussian_Sim
116.1388294718009,Gaussian_Sim
169.29400288235198,Gaussian_Sim
2.8549837455511806,Gaussian_Sim
97.37952477780847,Gaussian_Sim
104.37291198690009,Gaussian_Sim
126.17270558924535,Gaussian_Sim
69.20030378572147,Gaussian_Sim
15.265199798514386,Gaussian_Sim
33.268226798360516,Gaussian_Sim
179.75959338608854,Gaussian_Sim
45.72005830692553,Gaussian_Sim
34.23499895444206,Gaussian_Sim
43.220017123580796,Gaussian_Sim
8.449903578053526,Gaussian_Sim
94.81874151181033,Gaussian_Sim
91.5236575997568,Gaussian_Sim
75.45220555486242,Gaussian_Sim
145.4221571645549,Gaussian_Sim
143.98455767898918,Gaussian_Sim
32.61157430907895,Gaussian_Sim
15.560835610906649,Gaussian_Sim
119.70244954007411,Gaussian_Sim
6.944592695345685,Gaussian_Sim
164.43641881453556,Gaussian_Sim
148.53197604965285,Gaussian_Sim
114.58306253300657,Gaussian_Sim
28.0694315715637,Gaussian_Sim
13.470155238485882,Gaussian_Sim
23.870231262255754,Gaussian_Sim
140.3423947129902,Gaussian_Sim
178.41565810476075,Gaussian_Sim
172.9258382123812,Gaussian_Sim
152.0340835834924,Gaussian_Sim
62.05313794520805,Gaussian_Sim
85.25573167334834,Gaussian_Sim
134.4486501720447,Gaussian_Sim
168.43794166716978,Gaussian_Sim
109.1176887323623,Gaussian_Sim
81.60386689124766,Gaussian_Sim
174.3420552868924,Gaussian_Sim
126.35996415096437,Gaussian_Sim
8.607213516294438,Gaussian_Sim
104.46267310134623,Gaussian_Sim
62.58509109983331,Gaussian_Sim
122.96244310454608,Gaussian_Sim
171.26360487003618,Gaussian_Sim
46.17804940916817,Gaussian_Sim
20.903320265770095,Gaussian_Sim
66.88764714046489,Gaussian_Sim
130.63700903907122,Gaussian_Sim
128.12206887996877,Gaussian_Sim
153.41143432493595,Gaussian_Sim
94.30741417922582,Gaussian_Sim
124.60405387134011,Gaussian_Sim
133.99549845777685,Gaussian_Sim
81.89006870767037,Gaussian_Sim
13.993775614453046,Gaussian_Sim
80.64645305925126,Gaussian_Sim
43.84057082738936,Gaussian_Sim
32.35091780941758,Gaussian_Sim
84.50446599344804,Gaussian_Sim
32.27187980565945,Gaussian_Sim
38.82582821764118,Gaussian_Sim
37.12231052696619,Gaussian_Sim
68.26921467319801,Gaussian_Sim
49.904426049378515,Gaussian_Sim
54.015353212287806,Gaussian_Sim
164.4023036415354,Gaussian_Sim
132.87854780952526,Gaussian_Sim
143.63353332699748,Gaussian_Sim
120.33068263157587,Gaussian_Sim
95.71118856806999,Gaussian_Sim
170.07464221938474,Gaussian_Sim
118.30385866511699,Gaussian_Sim
156.39239837581792,Gaussian_Sim
39.02215976496694,Gaussian_Sim
151.00975854249683,Gaussian_Sim
22.652417979529737,Gaussian_Sim
103.42749838130102,Gaussian_Sim
48.776785349434185,Gaussian_Sim
65.8361154511716,Gaussian_Sim
170.55133535859846,Gaussian_Sim
47.90005857496742,Gaussian_Sim
80.59042476621006,Gaussian_Sim
171.81424496684804,Gaussian_Sim
169.07058453175435,Gaussian_Sim
9.709220814328523,Gaussian_Sim
163.00846500189212,Gaussian_Sim
94.97777569486942,Gaussian_Sim
111.97335978965648,Gaussian_Sim
24.669911599503717,Gaussian_Sim
2.7909621707621532,Gaussian_Sim
6.88379052152273,Gaussian_Sim
32.29470943116857,Gaussian_Sim
0.8137023897288684,Gaussian_Sim
45.8513237165271,Gaussian_Sim
108.89476574599811,Gaussian_Sim
129.0621645243127,Gaussian_Sim
123.37512077936526,Gaussian_Sim
125.5015777638707,Gaussian_Sim
52.984931320207224,Gaussian_Sim
36.722146225983224,Gaussian_Sim
98.96412697221575,Gaussian_Sim
14.37120874309275,Gaussian_Sim
173.00016892124773,Gaussian_Sim
137.48735037334055,Gaussian_Sim
124.28367899288176,Gaussian_Sim
21.428184997280184,Gaussian_Sim
145.99059920186022,Gaussian_Sim
43.31806219254793,Gaussian_Sim
9.24120797648003,Gaussian_Sim
37.97807207010289,Gaussian_Sim
141.85412807734028,Gaussian_Sim
151.06413692734867,Gaussian_Sim
45.54780306729628,Gaussian_Sim
20.235113119450936,Gaussian_Sim
87.72336422521043,Gaussian_Sim
72.5758527495799,Gaussian_Sim
44.867497790611786,Gaussian_Sim
79.95674965657842,Gaussian_Sim
94.08002861189547,Gaussian_Sim
61.01082192410831,Gaussian_Sim
39.26948723117051,Gaussian_Sim
157.37261889597585,Gaussian_Sim
126.52467192481765,Gaussian_Sim
166.61503891432812,Gaussian_Sim
51.77672055913695,Gaussian_Sim
165.41785402723167,Gaussian_Sim
57.772263212169065,Gaussian_Sim
109.53357213225271,Gaussian_Sim
0.6684547139370259,Gaussian_Sim
34.27328268877612,Gaussian_Sim
172.07732028886954,Gaussian_Sim
114.44947102453497,Gaussian_Sim
14.659157350999008,Gaussian_Sim
146.5691688014401,Gaussian_Sim
90.20222451627582,Gaussian_Sim
166.93097617877174,Gaussian_Sim
11.562350992709815,Gaussian_Sim
58.22272895119522,Gaussian_Sim
0.3689550251672255,Gaussian_Sim
156.88806026988394,Gaussian_Sim
36.53649479403043,Gaussian_Sim
48.06703317267394,Gaussian_Sim
27.966722758300563,Gaussian_Sim
2.0273680920211703,Gaussian_Sim
33.467586480270896,Gaussian_Sim
115.02673980955339,Gaussian_Sim
165.85043686452596,Gaussian_Sim
55.9790215657998,Gaussian_Sim
133.8727896800007,Gaussian_Sim
165.45605020028236,Gaussian_Sim
40.413470370761445,Gaussian_Sim
13.090777695616971,Gaussian_Sim
127.6817384390803,Gaussian_Sim
56.5738160137526,Gaussian_Sim
77.26422445894512,Gaussian_Sim
16.361163710233058,Gaussian_Sim
160.2512155167891,Gaussian_Sim
35.00824457621843,Gaussian_Sim
96.42967029647494,Gaussian_Sim
2.9478208749367143,Gaussian_Sim
36.47264934891089,Gaussian_Sim
83.86566130139305,Gaussian_Sim
80.69923020050626,Gaussian_Sim
4.265998828703182,Gaussian_Sim
77.09848058096225,Gaussian_Sim
165.4277333879628,Gaussian_Sim
153.82558170162375,Gaussian_Sim
136.31444987128407,Gaussian_Sim
138.80625373258107,Gaussian_Sim
23.46821888804937,Gaussian_Sim
174.98861795038823,Gaussian_Sim
42.23244496103232,Gaussian_Sim
136.12121404492575,Gaussian_Sim
69.68266915099292,Gaussian_Sim
116.68436446834153,Gaussian_Sim
65.38383682686545,Gaussian_Sim
112.77091210483805,Gaussian_Sim
49.138775710921,Gaussian_Sim
72.45169871214797,Gaussian_Sim
25.51411115194633,Gaussian_Sim
151.6379502002266,Gaussian_Sim
2.036625038041636,Gaussian_Sim
138.5145013958412,Gaussian_Sim
99.5072631484491,Gaussian_Sim
55.60166820722915,Gaussian_Sim
167.12666571749065,Gaussian_Sim
168.08945597107527,Gaussian_Sim
106.45059505260679,Gaussian_Sim
61.2199642370972,Gaussian_Sim
7.886137028413814,Gaussian_Sim
127.46844923809023,Gaussian_Sim
108.92904368061446,Gaussian_Sim
114.01243300064831,Gaussian_Sim
134.95947444359376,Gaussian_Sim
21.39104657322598,Gaussian_Sim
156.81930615304853,Gaussian_Sim
149.38656456434478,Gaussian_Sim
136.45697927036287,Gaussian_Sim
24.60337085434574,Gaussian_Sim
159.34163980698477,Gaussian_Sim
130.4666835985513,Gaussian_Sim
139.10630488740406,Gaussian_Sim
24.168194059606687,Gaussian_Sim
73.21974153474741,Gaussian_Sim
157.31749542516013,Gaussian_Sim
109.4309446144542,Gaussian_Sim
127.6943139146734,Gaussian_Sim
61.24105463688455,Gaussian_Sim
176.01316275445015,Gaussian_Sim
111.69183725766133,Gaussian_Sim
69.67186609560505,Gaussian_Sim
85.44007207760937,Gaussian_Sim
119.62616697735254,Gaussian_Sim
163.37828578544108,Gaussian_Sim
126.95758374050035,Gaussian_Sim
129.48903712382634,Gaussian_Sim
16.516612043566877,Gaussian_Sim
55.27614661706604,Gaussian_Sim
25.9989477164936,Gaussian_Sim
57.81224550263323,Gaussian_Sim
110.104583168823,Gaussian_Sim
71.47379125719334,Gaussian_Sim
62.10951473076042,Gaussian_Sim
52.80324748265855,Gaussian_Sim
109.73439142747337,Gaussian_Sim
1.5695748812763088,Gaussian_Sim
168.12172474172655,Gaussian_Sim
132.55857727700504,Gaussian_Sim
25.911365290386016,Gaussian_Sim
173.9605816789,Gaussian_Sim
136.61113765824024,Gaussian_Sim
50.22421327836556,Gaussian_Sim
31.824835486428697,Gaussian_Sim
116.1482130266216,Gaussian_Sim
38.40792187660452,Gaussian_Sim
59.88729327947411,Gaussian_Sim
41.97691786303027,Gaussian_Sim
78.60339495975224,Gaussian_Sim
124.61867482741084,Gaussian_Sim
86.32770366737162,Gaussian_Sim
153.86506951794757,Gaussian_Sim
34.10790276876151,Gaussian_Sim
175.43041869068,Gaussian_Sim
28.032900059781557,Gaussian_Sim
154.04985280600403,Gaussian_Sim
45.90729257894537,Gaussian_Sim
37.89225855486739,Gaussian_Sim
14.215585102575417,Gaussian_Sim
126.63791418776404,Gaussian_Sim
139.57948448474448,Gaussian_Sim
161.96866351273135,Gaussian_Sim
151.7852584080403,Gaussian_Sim
79.6118522156931,Gaussian_Sim
5.967385560098632,Gaussian_Sim
141.21751726010817,Gaussian_Sim
14.786027733526122,Gaussian_Sim
97.07174854414878,Gaussian_Sim
129.17786541751457,Gaussian_Sim
16.335474131106945,Gaussian_Sim
109.13615267437899,Gaussian_Sim
109.0493256156557,Gaussian_Sim
149.67320607277736,Gaussian_Sim
119.40330683790009,Gaussian_Sim
74.0642734522306,Gaussian_Sim
50.967180728244436,Gaussian_Sim
93.40855843067663,Gaussian_Sim
103.48912103152766,Gaussian_Sim
96.10890172850566,Gaussian_Sim
105.23388292723735,Gaussian_Sim
18.591090756053838,Gaussian_Sim
131.63015100889245,Gaussian_Sim
126.84796437185516,Gaussian_Sim
49.05080012461181,Gaussian_Sim
85.46758352108624,Gaussian_Sim
115.53201251392782,Gaussian_Sim
90.97328960809062,Gaussian_Sim
79.34906662023394,Gaussian_Sim
69.71433121180779,Gaussian_Sim
106.58783840804752,Gaussian_Sim
146.76506080943304,Gaussian_Sim
166.00591709193625,Gaussian_Sim
3.3604665534215195,Gaussian_Sim
106.71967979170766,Gaussian_Sim
8.188052387879196,Gaussian_Sim
70.31009837066307,Gaussian_Sim
159.09833493470654,Gaussian_Sim
169.5457598280975,Gaussian_Sim
99.6160903257761,Gaussian_Sim
69.6834146279304,Gaussian_Sim
53.22852513093151,Gaussian_Sim
50.244177064294156,Gaussian_Sim
36.984532315708684,Gaussian_Sim
176.94030276424445,Gaussian_Sim
49.97446092157387,Gaussian_Sim
2.161924073424942,Gaussian_Sim
0.9540617954329734,Gaussian_Sim
109.31062973283483,Gaussian_Sim
9.491749559161304,Gaussian_Sim
79.86059798289784,Gaussian_Sim
124.92192375169725,Gaussian_Sim
94.33294326475522,Gaussian_Sim
165.7301389309882,Gaussian_Sim
28.153010901652888,Gaussian_Sim
88.74266256635397,Gaussian_Sim
104.52977318797684,Gaussian_Sim
174.91057755028496,Gaussian_Sim
99.15114075988951,Gaussian_Sim
39.043387004763886,Gaussian_Sim
146.6033240982767,Gaussian_Sim
80.25016807521231,Gaussian_Sim
48.35445343119943,Gaussian_Sim
59.56200823902732,Gaussian_Sim
128.21866858079704,Gaussian_Sim
97.55174798851012,Gaussian_Sim
138.9651707720588,Gaussian_Sim
26.381876412167166,Gaussian_Sim
49.07630925607658,Gaussian_Sim
83.0615185273495,Gaussian_Sim
166.69790297954282,Gaussian_Sim
40.29747856210358,Gaussian_Sim
32.59062957186472,Gaussian_Sim
133.21039970155002,Gaussian_Sim
139.2405401613529,Gaussian_Sim
128.12931649590178,Gaussian_Sim
84.76474941977354,Gaussian_Sim
108.34034102428521,Gaussian_Sim
83.97402178945816,Gaussian_Sim
140.96670673654137,Gaussian_Sim
170.4430459352372,Gaussian_Sim
103.39993420912357,Gaussian_Sim
138.43649496220857,Gaussian_Sim
153.61250752601936,Gaussian_Sim
33.32545296403151,Gaussian_Sim
87.92440861874427,Gaussian_Sim
40.45227255014033,Gaussian_Sim
96.49694890305537,Gaussian_Sim
110.62860809603487,Gaussian_Sim
86.11243199398054,Gaussian_Sim
32.7008259017813,Gaussian_Sim
15.597498871231483,Gaussian_Sim
130.2564611912653,Gaussian_Sim
52.128248715165846,Gaussian_Sim
155.0915353019779,Gaussian_Sim
163.50735932215417,Gaussian_Sim
165.68573481352783,Gaussian_Sim
29.273235834719838,Gaussian_Sim
151.96273752047392,Gaussian_Sim
8.489033899390993,Gaussian_Sim
4.199974746020242,Gaussian_Sim
3.678164493089896,Gaussian_Sim
130.20210435095748,Gaussian_Sim
6.391554019614172,Gaussian_Sim
144.62843176696515,Gaussian_Sim
46.1687176906612,Gaussian_Sim
16.950997222782817,Gaussian_Sim
76.45086816750846,Gaussian_Sim
161.90266274376202,Gaussian_Sim
107.80614037527288,Gaussian_Sim
176.52530396733772,Gaussian_Sim
94.694138852142,Gaussian_Sim
54.85336139243835,Gaussian_Sim
79.0132883876672,Gaussian_Sim
88.33839396489041,Gaussian_Sim
173.8041463785478,Gaussian_Sim
81.9725072798594,Gaussian_Sim
83.42075448160165,Gaussian_Sim
173.56834305552724,Gaussian_Sim
174.88061444523242,Gaussian_Sim
114.95416617756834,Gaussian_Sim
43.592524471380464,Gaussian_Sim
135.14073175022878,Gaussian_Sim
163.626875229949,Gaussian_Sim
16.09485960178276,Gaussian_Sim
100.7181073238147,Gaussian_Sim
10.90534719029328,Gaussian_Sim
47.81662829494674,Gaussian_Sim
141.34343174803564,Gaussian_Sim
6.492909592168474,Gaussian_Sim
69.34103712355142,Gaussian_Sim
99.43176925624978,Gaussian_Sim
29.31879375534085,Gaussian_Sim
11.729969076262233,Gaussian_Sim
46.4197251694934,Gaussian_Sim
77.36659471329378,Gaussian_Sim
171.45973273255734,Gaussian_Sim
16.45712548600813,Gaussian_Sim
0.7044639778985541,Gaussian_Sim
175.1160663661579,Gaussian_Sim
70.2284197413349,Gaussian_Sim
117.28985342582843,Gaussian_Sim
126.57680659372214,Gaussian_Sim
90.2567210285228,Gaussian_Sim
166.81684597578658,Gaussian_Sim
148.57262253400617,Gaussian_Sim
178.44441846338162,Gaussian_Sim
92.19815608194222,Gaussian_Sim
156.74903486892856,Gaussian_Sim
16.017571797197032,Gaussian_Sim
20.081003305141678,Gaussian_Sim
4.534233072609609,Gaussian_Sim
163.03426571382175,Gaussian_Sim
55.802117098743096,Gaussian_Sim
135.26205259442816,Gaussian_Sim
175.31231923024737,Gaussian_Sim
14.063660455955233,Gaussian_Sim
33.760387813979655,Gaussian_Sim
123.42711468708164,Gaussian_Sim
135.77210420844014,Gaussian_Sim
161.00980777175653,Gaussian_Sim
59.13854888842742,Gaussian_Sim
77.54526828220422,Gaussian_Sim
92.71637635756944,Gaussian_Sim
39.39412969254635,Gaussian_Sim
62.88612760305652,Gaussian_Sim
7.755700148393424,Gaussian_Sim
157.88598188531765,Gaussian_Sim
46.905929634354464,Gaussian_Sim
47.04338486445738,Gaussian_Sim
172.65702887306838,Gaussian_Sim
161.76108406444487,Gaussian_Sim
153.94678280720203,Gaussian_Sim
130.94157460164556,Gaussian_Sim
104.78279342718943,Gaussian_Sim
166.51851571052867,Gaussian_Sim
63.55832246422429,Gaussian_Sim
45.14471303401167,Gaussian_Sim
26.713856870918136,Gaussian_Sim
2.8632376837389546,Gaussian_Sim
109.71024148768774,Gaussian_Sim
135.4161983061126,Gaussian_Sim
75.66062248117741,Gaussian_Sim
178.4605462445052,Gaussian_Sim
139.58811771022212,Gaussian_Sim
33.34450547115648,Gaussian_Sim
50.40219487678905,Gaussian_Sim
61.35560847774177,Gaussian_Sim
111.56433890179478,Gaussian_Sim
172.3861761456084,Gaussian_Sim
161.30348053298002,Gaussian_Sim
38.82186845500314,Gaussian_Sim
141.76298654799385,Gaussian_Sim
133.0483802999724,Gaussian_Sim
164.98621296690902,Gaussian_Sim
114.82296359636894,Gaussian_Sim
42.24275133279008,Gaussian_Sim
167.8075314411715,Gaussian_Sim
117.68582605161416,Gaussian_Sim
94.05246835958626,Gaussian_Sim
93.05417744539284,Gaussian_Sim
40.61336120437362,Gaussian_Sim
79.96811186830837,Gaussian_Sim
29.30100181273322,Gaussian_Sim
32.61149321411642,Gaussian_Sim
93.45752894506745,Gaussian_Sim
73.32771448946816,Gaussian_Sim
147.90811742238424,Gaussian_Sim
129.56201119393245,Gaussian_Sim
147.72895777760004,Gaussian_Sim
50.55044357168248,Gaussian_Sim
154.03541065337274,Gaussian_Sim
158.95687112005953,Gaussian_Sim
52.68128014247742,Gaussian_Sim
179.23838975773361,Gaussian_Sim
79.04306952959485,Gaussian_Sim
114.6339901979106,Gaussian_Sim
144.95528202709343,Gaussian_Sim
4.960825258022634,Gaussian_Sim
48.506281691945674,Gaussian_Sim
80.60490618748531,Gaussian_Sim
111.56726710483707,Gaussian_Sim
7.969706436137796,Gaussian_Sim
126.02266513039827,Gaussian_Sim
78.00970386434233,Gaussian_Sim
121.42842377780013,Gaussian_Sim
127.25021996526819,Gaussian_Sim
169.1905919982691,Gaussian_Sim
169.14111547105406,Gaussian_Sim
125.213245492107,Gaussian_Sim
100.17032597627951,Gaussian_Sim
161.63256572272135,Gaussian_Sim
51.57935384553855,Gaussian_Sim
177.9823263119023,Gaussian_Sim
141.8310683133427,Gaussian_Sim
1.0049135507819664,Gaussian_Sim
77.05467941472952,Gaussian_Sim
3.3264927165121394,Gaussian_Sim
82.42413931111804,Gaussian_Sim
60.44923598042624,Gaussian_Sim
168.595084718505,Gaussian_Sim
169.13984710192733,Gaussian_Sim
2.112877250819558,Gaussian_Sim
143.69390062158513,Gaussian_Sim
113.01720176057593,Gaussian_Sim
104.28585738999857,Gaussian_Sim
148.92103362074738,Gaussian_Sim
151.78787418791364,Gaussian_Sim
124.00197023375233,Gaussian_Sim
122.49263895605516,Gaussian_Sim
24.784483652929264,Gaussian_Sim
60.032185567864644,Gaussian_Sim
90.38227872324475,Gaussian_Sim
74.93531832231496,Gaussian_Sim
48.31881209191619,Gaussian_Sim
164.8076914338829,Gaussian_Sim
84.32578888765045,Gaussian_Sim
133.23073143723977,Gaussian_Sim
67.21178761461903,Gaussian_Sim
9.700467703839687,Gaussian_Sim
84.38845482350439,Gaussian_Sim
133.71092078872636,Gaussian_Sim
166.51168563889678,Gaussian_Sim
142.30205144284773,Gaussian_Sim
146.18410791108053,Gaussian_Sim
90.18814485015626,Gaussian_Sim
118.00244257343806,Gaussian_Sim
75.50934767461187,Gaussian_Sim
179.010937801988,Gaussian_Sim
129.79275962568454,Gaussian_Sim
137.00875529829247,Gaussian_Sim
40.22653234126333,Gaussian_Sim
29.947299600004975,Gaussian_Sim
150.53303651580083,Gaussian_Sim
170.36799997933625,Gaussian_Sim
71.162066072664,Gaussian_Sim
107.22110182809391,Gaussian_Sim
72.52877244969268,Gaussian_Sim
41.382927478185714,Gaussian_Sim
75.07176998330047,Gaussian_Sim
82.72919547573963,Gaussian_Sim
85.53943283690657,Gaussian_Sim
162.6140203433951,Gaussian_Sim
115.48889279443245,Gaussian_Sim
52.40187830079527,Gaussian_Sim
164.36856894169713,Gaussian_Sim
87.5815561953943,Gaussian_Sim
84.94759481510455,Gaussian_Sim
94.89890820194282,Gaussian_Sim
30.33684846612656,Gaussian_Sim
177.1340336685859,Gaussian_Sim
170.70068021892243,Gaussian_Sim
175.43570361833574,Gaussian_Sim
25.33585614626158,Gaussian_Sim
49.41082137319745,Gaussian_Sim
105.08794986639539,Gaussian_Sim
72.76161531533381,Gaussian_Sim
61.55621471020635,Gaussian_Sim
48.70883518772472,Gaussian_Sim
89.05980380072664,Gaussian_Sim
153.9180222156482,Gaussian_Sim
157.10373228609703,Gaussian_Sim
68.01541077624148,Gaussian_Sim
156.52277339379393,Gaussian_Sim
63.298099237830066,Gaussian_Sim
104.119987534503,Gaussian_Sim
67.28935465701902,Gaussian_Sim
21.106047184163444,Gaussian_Sim
175.94549806558882,Gaussian_Sim
148.86096132422927,Gaussian_Sim
127.8266099695272,Gaussian_Sim
20.42276269845035,Gaussian_Sim
128.92179478418478,Gaussian_Sim
177.4622465352991,Gaussian_Sim
2.719843020620031,Gaussian_Sim
100.55871988073162,Gaussian_Sim
27.45534863751623,Gaussian_Sim
100.85920440160845,Gaussian_Sim
158.8029848161391,Gaussian_Sim
85.58281463698484,Gaussian_Sim
119.16163746321283,Gaussian_Sim
148.88543277199238,Gaussian_Sim
134.39740203497226,Gaussian_Sim
71.95628665669219,Gaussian_Sim
