experiment,character,method,est_sigma
s20c6,k10_,sigma05_spalin,0.542933688293783
s20c6,k10_,sigma15_spalin,1.195292640777912
s20c6,k10_,sigma3_spalin,3.09510805475151
s20c6,k10_,sigma05_spalin_spatialonly,0.4840347261835178
s20c6,k10_,sigma15_spalin_spatialonly,1.443882114945717
s20c6,k10_,sigma3_spalin_spatialonly,4.83784954587573
s20c6,k50_,sigma05_spalin,0.53786093794975
s20c6,k50_,sigma15_spalin,1.158726933809699
s20c6,k50_,sigma3_spalin,3.008862830948371
s20c6,k200_,sigma05_spalin,0.542949732413609
s20c6,k200_,sigma15_spalin,1.22647967571086
s20c6,k200_,sigma3_spalin,2.95201974851413
s7c5,k10_,sigma05_spalin,0.490258107569817
s7c5,k10_,sigma15_spalin,1.521457099249682
s7c5,k10_,sigma3_spalin,2.491272716559375
s7c5,k10_,sigma05_spalin_spatialonly,0.394770636127661
s7c5,k10_,sigma15_spalin_spatialonly,1.298677172202315
s7c5,k10_,sigma3_spalin_spatialonly,1.881596093915417
s7c5,k50_,sigma05_spalin,0.4994068076271312
s7c5,k50_,sigma15_spalin,1.596877048550252
s7c5,k50_,sigma3_spalin,2.6365804833147
s7c5,k200_,sigma05_spalin,0.4803984510371847
s7c5,k200_,sigma15_spalin,1.431185645597459
s7c5,k200_,sigma3_spalin,2.566846791660127
s13c4,k10_,sigma05_spalin,0.4607636104600051
s13c4,k10_,sigma15_spalin,1.672965990197468
s13c4,k10_,sigma3_spalin,3.246742362278103
s13c4,k10_,sigma05_spalin_spatialonly,0.353931640859597
s13c4,k10_,sigma15_spalin_spatialonly,1.632884622544049
s13c4,k10_,sigma3_spalin_spatialonly,3.172549523331493
s13c4,k50_,sigma05_spalin,0.4391496661651902
s13c4,k50_,sigma15_spalin,1.592856999595328
s13c4,k50_,sigma3_spalin,3.109357555287776
s13c4,k200_,sigma05_spalin,0.4321688886958947
s13c4,k200_,sigma15_spalin,1.55977336554574
s13c4,k200_,sigma3_spalin,2.95743554651554
s5c12,k10_,sigma05_spalin,0.532140391333296
s5c12,k10_,sigma15_spalin,1.60211082206147
s5c12,k10_,sigma3_spalin,4.00503515454086
s5c12,k10_,sigma05_spalin_spatialonly,0.40136203688751
s5c12,k10_,sigma15_spalin_spatialonly,1.071304672499063
s5c12,k10_,sigma3_spalin_spatialonly,3.272732685858351
s5c12,k50_,sigma05_spalin,0.403687067904174
s5c12,k50_,sigma15_spalin,1.252816711151386
s5c12,k50_,sigma3_spalin,2.879059366657649
s5c12,k200_,sigma05_spalin,0.4531780021828727
s5c12,k200_,sigma15_spalin,1.40119957065946
s5c12,k200_,sigma3_spalin,3.191835150373727
s19c4,k10_,sigma05_spalin,0.4704478156374791
s19c4,k10_,sigma15_spalin,1.151411161241428
s19c4,k10_,sigma3_spalin,2.88929374866492
s19c4,k10_,sigma05_spalin_spatialonly,0.4863728905832742
s19c4,k10_,sigma15_spalin_spatialonly,1.100422035018164
s19c4,k10_,sigma3_spalin_spatialonly,3.09617878414085
s19c4,k50_,sigma05_spalin,0.4268851267393919
s19c4,k50_,sigma15_spalin,1.068965890888593
s19c4,k50_,sigma3_spalin,2.89531425396375
s19c4,k200_,sigma05_spalin,0.4874342253774738
s19c4,k200_,sigma15_spalin,1.236513737506449
s19c4,k200_,sigma3_spalin,3.400005144079574
s15c8,k10_,sigma05_spalin,0.342278210348124
s15c8,k10_,sigma15_spalin,1.651564271300694
s15c8,k10_,sigma3_spalin,2.43786598723584
s15c8,k10_,sigma05_spalin_spatialonly,0.298422808086681
s15c8,k10_,sigma15_spalin_spatialonly,1.738775120455995
s15c8,k10_,sigma3_spalin_spatialonly,1.68862570405785
s15c8,k50_,sigma05_spalin,0.328224032977372
s15c8,k50_,sigma15_spalin,1.4901134694352
s15c8,k50_,sigma3_spalin,2.161199149487081
s15c8,k200_,sigma05_spalin,0.348741242024924
s15c8,k200_,sigma15_spalin,1.516056538208632
s15c8,k200_,sigma3_spalin,2.342938257937852
s3c3,k10_,sigma05_spalin,0.533738303551297
s3c3,k10_,sigma15_spalin,1.59141536916733
s3c3,k10_,sigma3_spalin,4.744014627229244
s3c3,k10_,sigma05_spalin_spatialonly,0.431757628066619
s3c3,k10_,sigma15_spalin_spatialonly,1.47927888202204
s3c3,k10_,sigma3_spalin_spatialonly,3.82384458921538
s3c3,k50_,sigma05_spalin,0.477376775481809
s3c3,k50_,sigma15_spalin,1.298913139489493
s3c3,k50_,sigma3_spalin,4.04520583723861
s3c3,k200_,sigma05_spalin,0.487673463371462
s3c3,k200_,sigma15_spalin,1.38127935931882
s3c3,k200_,sigma3_spalin,4.4733715837514
s9c4,k10_,sigma05_spalin,0.51115778872845
s9c4,k10_,sigma15_spalin,1.50958615018541
s9c4,k10_,sigma3_spalin,2.46681831541937
s9c4,k10_,sigma05_spalin_spatialonly,0.46160692867117
s9c4,k10_,sigma15_spalin_spatialonly,1.527812345511097
s9c4,k10_,sigma3_spalin_spatialonly,2.14609016932043
s9c4,k50_,sigma05_spalin,0.455412013233839
s9c4,k50_,sigma15_spalin,1.309674741556205
s9c4,k50_,sigma3_spalin,2.17551639061755
s9c4,k200_,sigma05_spalin,0.485869532735623
s9c4,k200_,sigma15_spalin,1.370958581570598
s9c4,k200_,sigma3_spalin,2.4591764027523
s15c6,k10_,sigma05_spalin,0.614468077049091
s15c6,k10_,sigma15_spalin,1.61398096793306
s15c6,k10_,sigma3_spalin,3.18386409763565
s15c6,k10_,sigma05_spalin_spatialonly,0.563889241670278
s15c6,k10_,sigma15_spalin_spatialonly,1.1705062062307
s15c6,k10_,sigma3_spalin_spatialonly,3.424843101572202
s15c6,k50_,sigma05_spalin,0.56396708065531
s15c6,k50_,sigma15_spalin,1.461407067520849
s15c6,k50_,sigma3_spalin,3.16339899308164
s15c6,k200_,sigma05_spalin,0.601359858333808
s15c6,k200_,sigma15_spalin,1.513968107514475
s15c6,k200_,sigma3_spalin,3.362701499830402
s9c3,k10_,sigma05_spalin,0.4958666138546246
s9c3,k10_,sigma15_spalin,1.529290167203555
s9c3,k10_,sigma3_spalin,3.54174980740405
s9c3,k10_,sigma05_spalin_spatialonly,0.547469190132828
s9c3,k10_,sigma15_spalin_spatialonly,1.585598333620349
s9c3,k10_,sigma3_spalin_spatialonly,4.06952130232198
s9c3,k50_,sigma05_spalin,0.4495581516524365
s9c3,k50_,sigma15_spalin,1.385468173268146
s9c3,k50_,sigma3_spalin,3.1478495514832
s9c3,k200_,sigma05_spalin,0.447699246655993
s9c3,k200_,sigma15_spalin,1.40388578258257
s9c3,k200_,sigma3_spalin,3.18491133331505
s15c1,k10_,sigma05_spalin,0.4879073694201872
s15c1,k10_,sigma15_spalin,1.357903011900262
s15c1,k10_,sigma3_spalin,3.116296594954149
s15c1,k10_,sigma05_spalin_spatialonly,0.572236718480717
s15c1,k10_,sigma15_spalin_spatialonly,1.713934798799572
s15c1,k10_,sigma3_spalin_spatialonly,3.73256820026107
s15c1,k50_,sigma05_spalin,0.457700261850167
s15c1,k50_,sigma15_spalin,1.28918870367848
s15c1,k50_,sigma3_spalin,3.0549502845434
s15c1,k200_,sigma05_spalin,0.430547698763954
s15c1,k200_,sigma15_spalin,1.208004081565025
s15c1,k200_,sigma3_spalin,2.842457795938
s5c7,k10_,sigma05_spalin,0.573762770317566
s5c7,k10_,sigma15_spalin,1.499854367496518
s5c7,k10_,sigma3_spalin,3.140332132898508
s5c7,k10_,sigma05_spalin_spatialonly,0.579273758267831
s5c7,k10_,sigma15_spalin_spatialonly,1.327634837263076
s5c7,k10_,sigma3_spalin_spatialonly,3.387716373777123
s5c7,k50_,sigma05_spalin,0.521199998489326
s5c7,k50_,sigma15_spalin,1.32410795637501
s5c7,k50_,sigma3_spalin,2.690729280552472
s5c7,k200_,sigma05_spalin,0.538552224032089
s5c7,k200_,sigma15_spalin,1.374616102950675
s5c7,k200_,sigma3_spalin,2.835943103471586
s19c2,k10_,sigma05_spalin,0.4287045012201592
s19c2,k10_,sigma15_spalin,1.536589072498048
s19c2,k10_,sigma3_spalin,3.480112579077722
s19c2,k10_,sigma05_spalin_spatialonly,0.343756210318235
s19c2,k10_,sigma15_spalin_spatialonly,1.40256209694223
s19c2,k10_,sigma3_spalin_spatialonly,2.698422822546375
s19c2,k50_,sigma05_spalin,0.4154738969758114
s19c2,k50_,sigma15_spalin,1.552836743535262
s19c2,k50_,sigma3_spalin,3.280909222440607
s19c2,k200_,sigma05_spalin,0.404112320167782
s19c2,k200_,sigma15_spalin,1.427061125353727
s19c2,k200_,sigma3_spalin,3.03389972729678
s7c3,k10_,sigma05_spalin,0.520131470497166
s7c3,k10_,sigma15_spalin,1.191183332175746
s7c3,k10_,sigma3_spalin,4.03808357319477
s7c3,k10_,sigma05_spalin_spatialonly,0.522580145306651
s7c3,k10_,sigma15_spalin_spatialonly,0.823592496162424
s7c3,k10_,sigma3_spalin_spatialonly,4.30779337285161
s7c3,k50_,sigma05_spalin,0.501590334511335
s7c3,k50_,sigma15_spalin,1.31059150916015
s7c3,k50_,sigma3_spalin,3.934287681363741
s7c3,k200_,sigma05_spalin,0.548673101692442
s7c3,k200_,sigma15_spalin,1.341621223764847
s7c3,k200_,sigma3_spalin,4.16232117381107
s13c2,k10_,sigma05_spalin,0.579056874811384
s13c2,k10_,sigma15_spalin,1.388575111686572
s13c2,k10_,sigma3_spalin,3.35770642490492
s13c2,k10_,sigma05_spalin_spatialonly,1.28398645956284
s13c2,k10_,sigma15_spalin_spatialonly,1.1617887204057
s13c2,k10_,sigma3_spalin_spatialonly,4.382618195877638
s13c2,k50_,sigma05_spalin,0.607233620371257
s13c2,k50_,sigma15_spalin,1.580001230077902
s13c2,k50_,sigma3_spalin,3.7074549059568
s13c2,k200_,sigma05_spalin,0.53803554161083
s13c2,k200_,sigma15_spalin,1.41747061504366
s13c2,k200_,sigma3_spalin,3.31192538485062
s9c2,k10_,sigma05_spalin,0.486993969257532
s9c2,k10_,sigma15_spalin,1.591814641451716
s9c2,k10_,sigma3_spalin,2.67349988600309
s9c2,k10_,sigma05_spalin_spatialonly,0.346943452577392
s9c2,k10_,sigma15_spalin_spatialonly,1.547050739070974
s9c2,k10_,sigma3_spalin_spatialonly,2.46044923141718
s9c2,k50_,sigma05_spalin,0.4648482585329855
s9c2,k50_,sigma15_spalin,1.40033304909506
s9c2,k50_,sigma3_spalin,2.63578696970034
s9c2,k200_,sigma05_spalin,0.4705878143451812
s9c2,k200_,sigma15_spalin,1.475085223970581
s9c2,k200_,sigma3_spalin,2.88677241972213
s9c5,k10_,sigma05_spalin,0.4388295780282779
s9c5,k10_,sigma15_spalin,1.528280919987636
s9c5,k10_,sigma3_spalin,2.31080224044971
s9c5,k10_,sigma05_spalin_spatialonly,0.521020852612946
s9c5,k10_,sigma15_spalin_spatialonly,1.775285510827437
s9c5,k10_,sigma3_spalin_spatialonly,1.98175588309928
s9c5,k50_,sigma05_spalin,0.444797667182178
s9c5,k50_,sigma15_spalin,1.578534140601366
s9c5,k50_,sigma3_spalin,2.49669405565749
s9c5,k200_,sigma05_spalin,0.435638131445771
s9c5,k200_,sigma15_spalin,1.484507974800553
s9c5,k200_,sigma3_spalin,2.55179548164655
s15c7,k10_,sigma05_spalin,0.449887024586609
s15c7,k10_,sigma15_spalin,1.266098804197522
s15c7,k10_,sigma3_spalin,3.591558075572486
s15c7,k10_,sigma05_spalin_spatialonly,0.4012019107093008
s15c7,k10_,sigma15_spalin_spatialonly,0.986440474830344
s15c7,k10_,sigma3_spalin_spatialonly,3.38897726637521
s15c7,k50_,sigma05_spalin,0.515562987834309
s15c7,k50_,sigma15_spalin,1.383681756720405
s15c7,k50_,sigma3_spalin,3.68764089760628
s15c7,k200_,sigma05_spalin,0.487058637214263
s15c7,k200_,sigma15_spalin,1.33750072971915
s15c7,k200_,sigma3_spalin,3.588040047411942
s3c5,k10_,sigma05_spalin,0.590789549678
s3c5,k10_,sigma15_spalin,1.7327067412657
s3c5,k10_,sigma3_spalin,2.366015119270456
s3c5,k10_,sigma05_spalin_spatialonly,0.80141189791664
s3c5,k10_,sigma15_spalin_spatialonly,2.798836793246486
s3c5,k10_,sigma3_spalin_spatialonly,3.005897681994171
s3c5,k50_,sigma05_spalin,0.594427683315872
s3c5,k50_,sigma15_spalin,1.80075196030114
s3c5,k50_,sigma3_spalin,2.486776646523391
s3c5,k200_,sigma05_spalin,0.544035468531923
s3c5,k200_,sigma15_spalin,1.764533534024023
s3c5,k200_,sigma3_spalin,2.36315317669774
s2c10,k10_,sigma05_spalin,0.4815084679935791
s2c10,k10_,sigma15_spalin,1.40216362308717
s2c10,k10_,sigma3_spalin,4.33316399543291
s2c10,k10_,sigma05_spalin_spatialonly,0.530476811130346
s2c10,k10_,sigma15_spalin_spatialonly,1.056193523019774
s2c10,k10_,sigma3_spalin_spatialonly,3.474528650240392
s2c10,k50_,sigma05_spalin,0.387996900856902
s2c10,k50_,sigma15_spalin,1.246230698940784
s2c10,k50_,sigma3_spalin,3.462371130596943
s2c10,k200_,sigma05_spalin,0.401448990097879
s2c10,k200_,sigma15_spalin,1.194693739371833
s2c10,k200_,sigma3_spalin,3.7005316359251
s21c4,k10_,sigma05_spalin,0.496647757866917
s21c4,k10_,sigma15_spalin,1.227178575970847
s21c4,k10_,sigma3_spalin,2.7839110992522
s21c4,k10_,sigma05_spalin_spatialonly,0.4396057988750184
s21c4,k10_,sigma15_spalin_spatialonly,1.11752443404628
s21c4,k10_,sigma3_spalin_spatialonly,2.57352736678933
s21c4,k50_,sigma05_spalin,0.482109334341734
s21c4,k50_,sigma15_spalin,1.174753692840239
s21c4,k50_,sigma3_spalin,2.729705085265005
s21c4,k200_,sigma05_spalin,0.49409138806448
s21c4,k200_,sigma15_spalin,1.229067792000357
s21c4,k200_,sigma3_spalin,2.8413704173583
s21c3,k10_,sigma05_spalin,0.478115462903998
s21c3,k10_,sigma15_spalin,1.558682477573997
s21c3,k10_,sigma3_spalin,2.00548628307391
s21c3,k10_,sigma05_spalin_spatialonly,0.4510241554297667
s21c3,k10_,sigma15_spalin_spatialonly,2.254448685874646
s21c3,k10_,sigma3_spalin_spatialonly,1.891259891509705
s21c3,k50_,sigma05_spalin,0.535186198252049
s21c3,k50_,sigma15_spalin,1.6782731634875
s21c3,k50_,sigma3_spalin,2.246112898399232
s21c3,k200_,sigma05_spalin,0.520450495087683
s21c3,k200_,sigma15_spalin,1.836696219667967
s21c3,k200_,sigma3_spalin,2.637231755485072
s21c5,k10_,sigma05_spalin,0.325880018378978
s21c5,k10_,sigma15_spalin,1.38993221918453
s21c5,k10_,sigma3_spalin,2.403252709952406
s21c5,k10_,sigma05_spalin_spatialonly,0.376794437141255
s21c5,k10_,sigma15_spalin_spatialonly,2.061429217672551
s21c5,k10_,sigma3_spalin_spatialonly,2.127738925563445
s21c5,k50_,sigma05_spalin,0.3639810388070839
s21c5,k50_,sigma15_spalin,1.460830268740289
s21c5,k50_,sigma3_spalin,2.592770215348769
s21c5,k200_,sigma05_spalin,0.329928417336702
s21c5,k200_,sigma15_spalin,1.34327393765179
s21c5,k200_,sigma3_spalin,2.677259172356707
s14c5,k10_,sigma05_spalin,0.457985610342693
s14c5,k10_,sigma15_spalin,1.252402265295209
s14c5,k10_,sigma3_spalin,2.78102762890593
s14c5,k10_,sigma05_spalin_spatialonly,0.348770861230977
s14c5,k10_,sigma15_spalin_spatialonly,1.277399875973712
s14c5,k10_,sigma3_spalin_spatialonly,2.559410004652175
s14c5,k50_,sigma05_spalin,0.509920459329274
s14c5,k50_,sigma15_spalin,1.3029034026744
s14c5,k50_,sigma3_spalin,2.782760377354926
s14c5,k200_,sigma05_spalin,0.50071710523433
s14c5,k200_,sigma15_spalin,1.29762899678781
s14c5,k200_,sigma3_spalin,2.726144968382715
s2c9,k10_,sigma05_spalin,0.497565439254069
s2c9,k10_,sigma15_spalin,1.619344122522702
s2c9,k10_,sigma3_spalin,3.00788953177713
s2c9,k10_,sigma05_spalin_spatialonly,0.34372782005462
s2c9,k10_,sigma15_spalin_spatialonly,1.34955033913537
s2c9,k10_,sigma3_spalin_spatialonly,2.585651220030279
s2c9,k50_,sigma05_spalin,0.570284906521961
s2c9,k50_,sigma15_spalin,1.50374828086486
s2c9,k50_,sigma3_spalin,3.5406501247813
s2c9,k200_,sigma05_spalin,0.513091596672035
s2c9,k200_,sigma15_spalin,1.43290577068923
s2c9,k200_,sigma3_spalin,3.2045014542592
s16c8,k10_,sigma05_spalin,0.511280022497632
s16c8,k10_,sigma15_spalin,1.178065448705755
s16c8,k10_,sigma3_spalin,3.1987943945249
s16c8,k10_,sigma05_spalin_spatialonly,0.4805446834175602
s16c8,k10_,sigma15_spalin_spatialonly,1.082464082055598
s16c8,k10_,sigma3_spalin_spatialonly,2.60941974181856
s16c8,k50_,sigma05_spalin,0.4929000105319583
s16c8,k50_,sigma15_spalin,1.274748695072891
s16c8,k50_,sigma3_spalin,3.044895304579568
s16c8,k200_,sigma05_spalin,0.457217827033312
s16c8,k200_,sigma15_spalin,1.098705529707299
s16c8,k200_,sigma3_spalin,2.85280636870717
s14c2,k10_,sigma05_spalin,0.4104657546721365
s14c2,k10_,sigma15_spalin,0.836321748840102
s14c2,k10_,sigma3_spalin,1.434187671636778
s14c2,k10_,sigma05_spalin_spatialonly,0.6530512743509
s14c2,k10_,sigma15_spalin_spatialonly,0.837125382317173
s14c2,k10_,sigma3_spalin_spatialonly,0.998459825163567
s14c2,k50_,sigma05_spalin,0.513085723297159
s14c2,k50_,sigma15_spalin,1.067523412053326
s14c2,k50_,sigma3_spalin,1.789251121392925
s14c2,k200_,sigma05_spalin,0.56609037753414
s14c2,k200_,sigma15_spalin,1.1459762303757
s14c2,k200_,sigma3_spalin,1.89471186333124
s16c6,k10_,sigma05_spalin,0.493298413440867
s16c6,k10_,sigma15_spalin,1.4396796875561
s16c6,k10_,sigma3_spalin,3.099439736512122
s16c6,k10_,sigma05_spalin_spatialonly,0.4807923301312
s16c6,k10_,sigma15_spalin_spatialonly,1.514189435693311
s16c6,k10_,sigma3_spalin_spatialonly,2.658459838669817
s16c6,k50_,sigma05_spalin,0.51838316455077
s16c6,k50_,sigma15_spalin,1.422544276741981
s16c6,k50_,sigma3_spalin,3.311602585199881
s16c6,k200_,sigma05_spalin,0.516509738834579
s16c6,k200_,sigma15_spalin,1.472595463435648
s16c6,k200_,sigma3_spalin,3.3040970583003
s16c1,k10_,sigma05_spalin,0.542273886748912
s16c1,k10_,sigma15_spalin,1.836841434491983
s16c1,k10_,sigma3_spalin,2.570419356259759
s16c1,k10_,sigma05_spalin_spatialonly,0.441031494211191
s16c1,k10_,sigma15_spalin_spatialonly,1.66105504744068
s16c1,k10_,sigma3_spalin_spatialonly,2.822100294662348
s16c1,k50_,sigma05_spalin,0.516980747529954
s16c1,k50_,sigma15_spalin,1.99761867706858
s16c1,k50_,sigma3_spalin,2.500147463793839
s16c1,k200_,sigma05_spalin,0.4941657761435141
s16c1,k200_,sigma15_spalin,1.94872285402554
s16c1,k200_,sigma3_spalin,2.348385368535309
s10c3,k10_,sigma05_spalin,0.409530390973443
s10c3,k10_,sigma15_spalin,1.518039886233845
s10c3,k10_,sigma3_spalin,2.784010264300068
s10c3,k10_,sigma05_spalin_spatialonly,0.4294366798039039
s10c3,k10_,sigma15_spalin_spatialonly,1.675673468263434
s10c3,k10_,sigma3_spalin_spatialonly,2.91497115101071
s10c3,k50_,sigma05_spalin,0.52102236352681
s10c3,k50_,sigma15_spalin,1.767976129266539
s10c3,k50_,sigma3_spalin,3.249674319776677
s10c3,k200_,sigma05_spalin,0.453522469837606
s10c3,k200_,sigma15_spalin,1.65796994420954
s10c3,k200_,sigma3_spalin,3.068380298600859
s10c4,k10_,sigma05_spalin,0.584774121956181
s10c4,k10_,sigma15_spalin,1.66955653812429
s10c4,k10_,sigma3_spalin,3.27998572252224
s10c4,k10_,sigma05_spalin_spatialonly,0.628850377654665
s10c4,k10_,sigma15_spalin_spatialonly,1.590532438032786
s10c4,k10_,sigma3_spalin_spatialonly,2.52158515759285
s10c4,k50_,sigma05_spalin,0.593838228702101
s10c4,k50_,sigma15_spalin,1.640422921349847
s10c4,k50_,sigma3_spalin,3.059853196388367
s10c4,k200_,sigma05_spalin,0.593533534514957
s10c4,k200_,sigma15_spalin,1.533986625209279
s10c4,k200_,sigma3_spalin,2.909920358040113
s2c1,k10_,sigma05_spalin,0.535593632237583
s2c1,k10_,sigma15_spalin,1.482041358666718
s2c1,k10_,sigma3_spalin,2.16384263977477
s2c1,k10_,sigma05_spalin_spatialonly,0.4785219298711515
s2c1,k10_,sigma15_spalin_spatialonly,1.325781101453591
s2c1,k10_,sigma3_spalin_spatialonly,1.670127131924646
s2c1,k50_,sigma05_spalin,0.554349295738385
s2c1,k50_,sigma15_spalin,1.51353507233099
s2c1,k50_,sigma3_spalin,2.583486329235
s2c1,k200_,sigma05_spalin,0.548448093263487
s2c1,k200_,sigma15_spalin,1.466287994166204
s2c1,k200_,sigma3_spalin,2.58906154033396
s2c6,k10_,sigma05_spalin,0.572837115804342
s2c6,k10_,sigma15_spalin,1.45175031363176
s2c6,k10_,sigma3_spalin,3.19841051879991
s2c6,k10_,sigma05_spalin_spatialonly,0.50881921584004
s2c6,k10_,sigma15_spalin_spatialonly,1.2855700187084
s2c6,k10_,sigma3_spalin_spatialonly,3.28238265256523
s2c6,k50_,sigma05_spalin,0.515229947808615
s2c6,k50_,sigma15_spalin,1.362696338315124
s2c6,k50_,sigma3_spalin,3.175015905559733
s2c6,k200_,sigma05_spalin,0.4830701750939
s2c6,k200_,sigma15_spalin,1.25481599768902
s2c6,k200_,sigma3_spalin,2.8793430916253
s8c1,k10_,sigma05_spalin,0.3553157432252966
s8c1,k10_,sigma15_spalin,1.561832539018419
s8c1,k10_,sigma3_spalin,3.160666322497767
s8c1,k10_,sigma05_spalin_spatialonly,0.3557725154524965
s8c1,k10_,sigma15_spalin_spatialonly,2.065162623037936
s8c1,k10_,sigma3_spalin_spatialonly,3.903374866155221
s8c1,k50_,sigma05_spalin,0.444346898668807
s8c1,k50_,sigma15_spalin,1.966909680307156
s8c1,k50_,sigma3_spalin,3.89247925175513
s8c1,k200_,sigma05_spalin,0.441824314596977
s8c1,k200_,sigma15_spalin,1.835695667282227
s8c1,k200_,sigma3_spalin,3.73418386803019
s2c8,k10_,sigma05_spalin,0.343061096487429
s2c8,k10_,sigma15_spalin,1.115458372192016
s2c8,k10_,sigma3_spalin,2.3735472473267
s2c8,k10_,sigma05_spalin_spatialonly,0.3224450681438974
s2c8,k10_,sigma15_spalin_spatialonly,0.852663806118391
s2c8,k10_,sigma3_spalin_spatialonly,3.499612165160361
s2c8,k50_,sigma05_spalin,0.408796060395179
s2c8,k50_,sigma15_spalin,1.335215740009027
s2c8,k50_,sigma3_spalin,2.600150024669273
s2c8,k200_,sigma05_spalin,0.423997091110688
s2c8,k200_,sigma15_spalin,1.36665301744354
s2c8,k200_,sigma3_spalin,2.692202148305477
s8c6,k10_,sigma05_spalin,0.525513739580829
s8c6,k10_,sigma15_spalin,1.556015618676578
s8c6,k10_,sigma3_spalin,2.265604841677278
s8c6,k10_,sigma05_spalin_spatialonly,0.58416570314473
s8c6,k10_,sigma15_spalin_spatialonly,1.52565311769206
s8c6,k10_,sigma3_spalin_spatialonly,1.619648707712035
s8c6,k50_,sigma05_spalin,0.513368721455746
s8c6,k50_,sigma15_spalin,1.621587499810306
s8c6,k50_,sigma3_spalin,2.586342208858075
s8c6,k200_,sigma05_spalin,0.539717190075537
s8c6,k200_,sigma15_spalin,1.730965190276963
s8c6,k200_,sigma3_spalin,2.834962166372414
s10c5,k10_,sigma05_spalin,0.4570387378609987
s10c5,k10_,sigma15_spalin,1.450469099537112
s10c5,k10_,sigma3_spalin,2.617878627256122
s10c5,k10_,sigma05_spalin_spatialonly,0.283655197116742
s10c5,k10_,sigma15_spalin_spatialonly,1.109267748582711
s10c5,k10_,sigma3_spalin_spatialonly,1.314463690682394
s10c5,k50_,sigma05_spalin,0.566453055359934
s10c5,k50_,sigma15_spalin,1.511051968629971
s10c5,k50_,sigma3_spalin,3.48629102781428
s10c5,k200_,sigma05_spalin,0.494323331363072
s10c5,k200_,sigma15_spalin,1.371673687801266
s10c5,k200_,sigma3_spalin,3.21155684232805
s18c1,k10_,sigma05_spalin,0.4653758312246009
s18c1,k10_,sigma15_spalin,1.476495206098111
s18c1,k10_,sigma3_spalin,2.970612928277348
s18c1,k10_,sigma05_spalin_spatialonly,0.424711051588845
s18c1,k10_,sigma15_spalin_spatialonly,1.754120434250535
s18c1,k10_,sigma3_spalin_spatialonly,3.046284035506068
s18c1,k50_,sigma05_spalin,0.519815920897187
s18c1,k50_,sigma15_spalin,1.53432671627392
s18c1,k50_,sigma3_spalin,3.316228668069734
s18c1,k200_,sigma05_spalin,0.502728668655978
s18c1,k200_,sigma15_spalin,1.477854778894083
s18c1,k200_,sigma3_spalin,3.23744018990419
s10c2,k10_,sigma05_spalin,0.554842250205656
s10c2,k10_,sigma15_spalin,2.425200674687685
s10c2,k10_,sigma3_spalin,3.172391956349004
s10c2,k10_,sigma05_spalin_spatialonly,0.418168564470877
s10c2,k10_,sigma15_spalin_spatialonly,2.369836282404091
s10c2,k10_,sigma3_spalin_spatialonly,2.30265256355707
s10c2,k50_,sigma05_spalin,0.4930586719695992
s10c2,k50_,sigma15_spalin,2.09901442231916
s10c2,k50_,sigma3_spalin,2.83079123379226
s10c2,k200_,sigma05_spalin,0.4539103479225765
s10c2,k200_,sigma15_spalin,1.93863287385419
s10c2,k200_,sigma3_spalin,2.877010781237714
s4c3,k10_,sigma05_spalin,0.489235838169873
s4c3,k10_,sigma15_spalin,1.516166313202941
s4c3,k10_,sigma3_spalin,2.6894098863291
s4c3,k10_,sigma05_spalin_spatialonly,0.4680622179585201
s4c3,k10_,sigma15_spalin_spatialonly,1.17625510340918
s4c3,k10_,sigma3_spalin_spatialonly,2.207182017938025
s4c3,k50_,sigma05_spalin,0.4614246175926396
s4c3,k50_,sigma15_spalin,1.582658904235591
s4c3,k50_,sigma3_spalin,2.6890583050627
s4c3,k200_,sigma05_spalin,0.4573712290502846
s4c3,k200_,sigma15_spalin,1.560949766581984
s4c3,k200_,sigma3_spalin,2.64710867241715
s20c4,k10_,sigma05_spalin,0.384436162905692
s20c4,k10_,sigma15_spalin,0.844989046147458
s20c4,k10_,sigma3_spalin,1.590166917092666
s20c4,k10_,sigma05_spalin_spatialonly,0.370991418773332
s20c4,k10_,sigma15_spalin_spatialonly,0.848704133521462
s20c4,k10_,sigma3_spalin_spatialonly,2.328634732264778
s20c4,k50_,sigma05_spalin,0.4732710363283947
s20c4,k50_,sigma15_spalin,1.135623580277767
s20c4,k50_,sigma3_spalin,2.055520980135215
s20c4,k200_,sigma05_spalin,0.499058989881955
s20c4,k200_,sigma15_spalin,1.162533656015158
s20c4,k200_,sigma3_spalin,2.15169992742426
s4c10,k10_,sigma05_spalin,0.4297889128280098
s4c10,k10_,sigma15_spalin,0.974400081640006
s4c10,k10_,sigma3_spalin,2.152516346057404
s4c10,k10_,sigma05_spalin_spatialonly,0.34221209586507
s4c10,k10_,sigma15_spalin_spatialonly,0.70295667952995
s4c10,k10_,sigma3_spalin_spatialonly,2.38383866613931
s4c10,k50_,sigma05_spalin,0.4148546319601074
s4c10,k50_,sigma15_spalin,0.977165577714817
s4c10,k50_,sigma3_spalin,2.259880385047966
s4c10,k200_,sigma05_spalin,0.4381025053763397
s4c10,k200_,sigma15_spalin,0.98205914513781
s4c10,k200_,sigma3_spalin,2.572136353385043
s20c5,k10_,sigma05_spalin,0.623023203247754
s20c5,k10_,sigma15_spalin,1.525916246925651
s20c5,k10_,sigma3_spalin,3.616937146243835
s20c5,k10_,sigma05_spalin_spatialonly,0.699488440475216
s20c5,k10_,sigma15_spalin_spatialonly,1.846232567239525
s20c5,k10_,sigma3_spalin_spatialonly,5.18986378809372
s20c5,k50_,sigma05_spalin,0.60816433473355
s20c5,k50_,sigma15_spalin,1.47250375348582
s20c5,k50_,sigma3_spalin,3.369068349822223
s20c5,k200_,sigma05_spalin,0.608616050757778
s20c5,k200_,sigma15_spalin,1.4945847448896
s20c5,k200_,sigma3_spalin,3.41589862555869
s20c2,k10_,sigma05_spalin,0.336940393812691
s20c2,k10_,sigma15_spalin,1.38213964653921
s20c2,k10_,sigma3_spalin,2.908867637950295
s20c2,k10_,sigma05_spalin_spatialonly,0.29115782735844
s20c2,k10_,sigma15_spalin_spatialonly,1.216092133762398
s20c2,k10_,sigma3_spalin_spatialonly,3.129808972242088
s20c2,k50_,sigma05_spalin,0.3352168127093515
s20c2,k50_,sigma15_spalin,1.4743572377837
s20c2,k50_,sigma3_spalin,2.952915191164025
s20c2,k200_,sigma05_spalin,0.3566550641877047
s20c2,k200_,sigma15_spalin,1.505554867204205
s20c2,k200_,sigma3_spalin,2.97995533175585
s17c1,k10_,sigma05_spalin,0.581010895724798
s17c1,k10_,sigma15_spalin,1.685287077129554
s17c1,k10_,sigma3_spalin,2.74554063411257
s17c1,k10_,sigma05_spalin_spatialonly,1.35130033624547
s17c1,k10_,sigma15_spalin_spatialonly,1.88268312458595
s17c1,k10_,sigma3_spalin_spatialonly,2.94190608568101
s17c1,k50_,sigma05_spalin,0.607088892622004
s17c1,k50_,sigma15_spalin,1.725030116406602
s17c1,k50_,sigma3_spalin,2.96843098692384
s17c1,k200_,sigma05_spalin,0.589651496610266
s17c1,k200_,sigma15_spalin,1.717232884732689
s17c1,k200_,sigma3_spalin,2.81472867695381
s15c2,k10_,sigma05_spalin,0.62387565600603
s15c2,k10_,sigma15_spalin,1.6510244635407
s15c2,k10_,sigma3_spalin,2.934983984478914
s15c2,k10_,sigma05_spalin_spatialonly,1.035823136021485
s15c2,k10_,sigma15_spalin_spatialonly,1.609805803501627
s15c2,k10_,sigma3_spalin_spatialonly,2.8835589849937
s15c2,k50_,sigma05_spalin,0.571972065451009
s15c2,k50_,sigma15_spalin,1.518427442314548
s15c2,k50_,sigma3_spalin,2.869495539161569
s15c2,k200_,sigma05_spalin,0.569372602201173
s15c2,k200_,sigma15_spalin,1.554974861111494
s15c2,k200_,sigma3_spalin,3.108723596888826
s15c5,k10_,sigma05_spalin,0.59092661571915
s15c5,k10_,sigma15_spalin,1.613753271087608
s15c5,k10_,sigma3_spalin,2.77341803574253
s15c5,k10_,sigma05_spalin_spatialonly,0.382345008394699
s15c5,k10_,sigma15_spalin_spatialonly,1.90796622388575
s15c5,k10_,sigma3_spalin_spatialonly,1.893327200041496
s15c5,k50_,sigma05_spalin,0.56461548502706
s15c5,k50_,sigma15_spalin,1.47431490339915
s15c5,k50_,sigma3_spalin,2.93603303365168
s15c5,k200_,sigma05_spalin,0.550712426330913
s15c5,k200_,sigma15_spalin,1.317294758464739
s15c5,k200_,sigma3_spalin,2.723462512696207
s7c1,k10_,sigma05_spalin,0.536603065330414
s7c1,k10_,sigma15_spalin,1.16805321794769
s7c1,k10_,sigma3_spalin,2.916574334930586
s7c1,k10_,sigma05_spalin_spatialonly,0.47194204942728
s7c1,k10_,sigma15_spalin_spatialonly,1.157658712759374
s7c1,k10_,sigma3_spalin_spatialonly,3.161371650872579
s7c1,k50_,sigma05_spalin,0.624185280132767
s7c1,k50_,sigma15_spalin,1.193845444807473
s7c1,k50_,sigma3_spalin,3.338795886498272
s7c1,k200_,sigma05_spalin,0.549398335478104
s7c1,k200_,sigma15_spalin,1.120087534105516
s7c1,k200_,sigma3_spalin,2.77099225804646
s5c5,k10_,sigma05_spalin,0.45476169885754
s5c5,k10_,sigma15_spalin,1.081824008447154
s5c5,k10_,sigma3_spalin,3.509347635990714
s5c5,k10_,sigma05_spalin_spatialonly,0.4351125175865299
s5c5,k10_,sigma15_spalin_spatialonly,1.104006252967466
s5c5,k10_,sigma3_spalin_spatialonly,3.53173703605208
s5c5,k50_,sigma05_spalin,0.438501309598969
s5c5,k50_,sigma15_spalin,1.078179570042455
s5c5,k50_,sigma3_spalin,3.51749023144615
s5c5,k200_,sigma05_spalin,0.491258415653014
s5c5,k200_,sigma15_spalin,1.121278420110472
s5c5,k200_,sigma3_spalin,3.74949457380566
s5c2,k10_,sigma05_spalin,0.483047726546288
s5c2,k10_,sigma15_spalin,1.80730963249753
s5c2,k10_,sigma3_spalin,3.637504491629962
s5c2,k10_,sigma05_spalin_spatialonly,0.418473867941083
s5c2,k10_,sigma15_spalin_spatialonly,1.625811139439362
s5c2,k10_,sigma3_spalin_spatialonly,3.770432087927591
s5c2,k50_,sigma05_spalin,0.410733065488746
s5c2,k50_,sigma15_spalin,1.438703125075789
s5c2,k50_,sigma3_spalin,3.076962851994551
s5c2,k200_,sigma05_spalin,0.4245649898401361
s5c2,k200_,sigma15_spalin,1.614820853593898
s5c2,k200_,sigma3_spalin,3.263185318428465
s15c4,k10_,sigma05_spalin,0.4144822981861046
s15c4,k10_,sigma15_spalin,1.27473499429256
s15c4,k10_,sigma3_spalin,2.0062228020197
s15c4,k10_,sigma05_spalin_spatialonly,0.587038416001516
s15c4,k10_,sigma15_spalin_spatialonly,1.374125336911485
s15c4,k10_,sigma3_spalin_spatialonly,2.225503433836873
s15c4,k50_,sigma05_spalin,0.4633481395874789
s15c4,k50_,sigma15_spalin,1.480400303908306
s15c4,k50_,sigma3_spalin,2.301857033223616
s15c4,k200_,sigma05_spalin,0.4548337961191834
s15c4,k200_,sigma15_spalin,1.489291745977255
s15c4,k200_,sigma3_spalin,2.26714592844081
s9c1,k10_,sigma05_spalin,0.503991985397573
s9c1,k10_,sigma15_spalin,1.73194523923129
s9c1,k10_,sigma3_spalin,3.264762651067594
s9c1,k10_,sigma05_spalin_spatialonly,0.757518932329858
s9c1,k10_,sigma15_spalin_spatialonly,1.780447969560886
s9c1,k10_,sigma3_spalin_spatialonly,3.563257563412751
s9c1,k50_,sigma05_spalin,0.4701924043825825
s9c1,k50_,sigma15_spalin,1.804086151430658
s9c1,k50_,sigma3_spalin,3.18567678634371
s9c1,k200_,sigma05_spalin,0.446297056168474
s9c1,k200_,sigma15_spalin,1.717922197066975
s9c1,k200_,sigma3_spalin,2.971355560011097
s3c1,k10_,sigma05_spalin,0.3528596504855392
s3c1,k10_,sigma15_spalin,1.509915552143939
s3c1,k10_,sigma3_spalin,2.545585317541207
s3c1,k10_,sigma05_spalin_spatialonly,0.260500972894854
s3c1,k10_,sigma15_spalin_spatialonly,1.91998466551164
s3c1,k10_,sigma3_spalin_spatialonly,2.32866383015138
s3c1,k50_,sigma05_spalin,0.381292596417262
s3c1,k50_,sigma15_spalin,1.512672356953608
s3c1,k50_,sigma3_spalin,2.545605784178195
s3c1,k200_,sigma05_spalin,0.398468281684659
s3c1,k200_,sigma15_spalin,1.471433506480897
s3c1,k200_,sigma3_spalin,2.595168589792504
s5c3,k10_,sigma05_spalin,0.40209669349548
s5c3,k10_,sigma15_spalin,1.566015365655463
s5c3,k10_,sigma3_spalin,2.320635573260009
s5c3,k10_,sigma05_spalin_spatialonly,0.364594842440844
s5c3,k10_,sigma15_spalin_spatialonly,1.460598312045709
s5c3,k10_,sigma3_spalin_spatialonly,2.53373915820657
s5c3,k50_,sigma05_spalin,0.4318466086526598
s5c3,k50_,sigma15_spalin,1.614548640836732
s5c3,k50_,sigma3_spalin,2.588356031790025
s5c3,k200_,sigma05_spalin,0.470920148957037
s5c3,k200_,sigma15_spalin,1.720270744540093
s5c3,k200_,sigma3_spalin,3.007633697626799
s19c1,k10_,sigma05_spalin,0.286308935201952
s19c1,k10_,sigma15_spalin,1.517340183876416
s19c1,k10_,sigma3_spalin,3.158543660950562
s19c1,k10_,sigma05_spalin_spatialonly,0.1691118663442146
s19c1,k10_,sigma15_spalin_spatialonly,1.898792335024828
s19c1,k10_,sigma3_spalin_spatialonly,3.64558076187662
s19c1,k50_,sigma05_spalin,0.3064557850054304
s19c1,k50_,sigma15_spalin,1.287038993987778
s19c1,k50_,sigma3_spalin,2.906232468046
s19c1,k200_,sigma05_spalin,0.3283966552365
s19c1,k200_,sigma15_spalin,1.33576182482151
s19c1,k200_,sigma3_spalin,2.98695676259935
s5c10,k10_,sigma05_spalin,0.3926823936798047
s5c10,k10_,sigma15_spalin,1.787060008767794
s5c10,k10_,sigma3_spalin,2.522799369871101
s5c10,k10_,sigma05_spalin_spatialonly,0.322928667889767
s5c10,k10_,sigma15_spalin_spatialonly,1.71412508181092
s5c10,k10_,sigma3_spalin_spatialonly,2.73814989268839
s5c10,k50_,sigma05_spalin,0.392788249960949
s5c10,k50_,sigma15_spalin,1.606340885080285
s5c10,k50_,sigma3_spalin,2.250229676685575
s5c10,k200_,sigma05_spalin,0.4227993907716919
s5c10,k200_,sigma15_spalin,1.63984045045559
s5c10,k200_,sigma3_spalin,2.415276159307762
s13c1,k10_,sigma05_spalin,0.4608722727556174
s13c1,k10_,sigma15_spalin,1.49987221307857
s13c1,k10_,sigma3_spalin,3.16456019941238
s13c1,k10_,sigma05_spalin_spatialonly,0.444007303379646
s13c1,k10_,sigma15_spalin_spatialonly,1.475058421521335
s13c1,k10_,sigma3_spalin_spatialonly,2.98256786314209
s13c1,k50_,sigma05_spalin,0.453134999925298
s13c1,k50_,sigma15_spalin,1.520250158122814
s13c1,k50_,sigma3_spalin,3.162528236035259
s13c1,k200_,sigma05_spalin,0.45256611614893
s13c1,k200_,sigma15_spalin,1.542360163800179
s13c1,k200_,sigma3_spalin,3.13077547213344
s21c1,k10_,sigma05_spalin,0.596235639779689
s21c1,k10_,sigma15_spalin,1.26047604030819
s21c1,k10_,sigma3_spalin,3.343053511437457
s21c1,k10_,sigma05_spalin_spatialonly,0.740452082368234
s21c1,k10_,sigma15_spalin_spatialonly,1.418671948646292
s21c1,k10_,sigma3_spalin_spatialonly,3.05847055988103
s21c1,k50_,sigma05_spalin,0.481799394034815
s21c1,k50_,sigma15_spalin,1.152722503017315
s21c1,k50_,sigma3_spalin,3.107078302331165
s21c1,k200_,sigma05_spalin,0.502702703538198
s21c1,k200_,sigma15_spalin,1.213921743923437
s21c1,k200_,sigma3_spalin,3.361523772048023
s4c6,k10_,sigma05_spalin,0.53293285006596
s4c6,k10_,sigma15_spalin,1.493179969483701
s4c6,k10_,sigma3_spalin,3.053363805908642
s4c6,k10_,sigma05_spalin_spatialonly,0.475045480374439
s4c6,k10_,sigma15_spalin_spatialonly,0.952474897780512
s4c6,k10_,sigma3_spalin_spatialonly,2.516476592307475
s4c6,k50_,sigma05_spalin,0.5107526823597
s4c6,k50_,sigma15_spalin,1.5554846078057
s4c6,k50_,sigma3_spalin,2.8708025876918
s4c6,k200_,sigma05_spalin,0.52014896011883
s4c6,k200_,sigma15_spalin,1.655422775721894
s4c6,k200_,sigma3_spalin,2.89138057854706
s12c4,k10_,sigma05_spalin,0.3786636080091
s12c4,k10_,sigma15_spalin,1.065225739815219
s12c4,k10_,sigma3_spalin,2.66703046193976
s12c4,k10_,sigma05_spalin_spatialonly,0.446121616155615
s12c4,k10_,sigma15_spalin_spatialonly,1.223927201546601
s12c4,k10_,sigma3_spalin_spatialonly,3.842307866843228
s12c4,k50_,sigma05_spalin,0.4701745128153929
s12c4,k50_,sigma15_spalin,1.196592150223179
s12c4,k50_,sigma3_spalin,3.143118887759305
s12c4,k200_,sigma05_spalin,0.51424920520265
s12c4,k200_,sigma15_spalin,1.320379582442585
s12c4,k200_,sigma3_spalin,3.294749767737704
s8c3,k10_,sigma05_spalin,0.542575483225124
s8c3,k10_,sigma15_spalin,1.273395522407685
s8c3,k10_,sigma3_spalin,4.03886874728196
s8c3,k10_,sigma05_spalin_spatialonly,0.332834369972673
s8c3,k10_,sigma15_spalin_spatialonly,0.875911313541702
s8c3,k10_,sigma3_spalin_spatialonly,3.61025399833117
s8c3,k50_,sigma05_spalin,0.4581502843186761
s8c3,k50_,sigma15_spalin,1.134908216191469
s8c3,k50_,sigma3_spalin,3.342650949482959
s8c3,k200_,sigma05_spalin,0.504952282877161
s8c3,k200_,sigma15_spalin,1.22568215410461
s8c3,k200_,sigma3_spalin,3.49821725767457
s14c6,k10_,sigma05_spalin,0.436232890495462
s14c6,k10_,sigma15_spalin,0.968589760949344
s14c6,k10_,sigma3_spalin,2.665423498495352
s14c6,k10_,sigma05_spalin_spatialonly,0.4460531243547536
s14c6,k10_,sigma15_spalin_spatialonly,1.301145782476317
s14c6,k10_,sigma3_spalin_spatialonly,2.93121076841709
s14c6,k50_,sigma05_spalin,0.502243064999099
s14c6,k50_,sigma15_spalin,1.25209875556361
s14c6,k50_,sigma3_spalin,2.856157524249026
s14c6,k200_,sigma05_spalin,0.4787123649331842
s14c6,k200_,sigma15_spalin,1.353777301982202
s14c6,k200_,sigma3_spalin,2.94984448704981
s8c4,k10_,sigma05_spalin,0.4721736120945808
s8c4,k10_,sigma15_spalin,1.253972427386224
s8c4,k10_,sigma3_spalin,2.593149997659134
s8c4,k10_,sigma05_spalin_spatialonly,0.4460518743466408
s8c4,k10_,sigma15_spalin_spatialonly,2.15327444229557
s8c4,k10_,sigma3_spalin_spatialonly,2.723676525092522
s8c4,k50_,sigma05_spalin,0.42330704580157
s8c4,k50_,sigma15_spalin,1.140183189792869
s8c4,k50_,sigma3_spalin,2.34937707999629
s8c4,k200_,sigma05_spalin,0.4838820644685371
s8c4,k200_,sigma15_spalin,1.27176826703068
s8c4,k200_,sigma3_spalin,2.392798698561741
s16c5,k10_,sigma05_spalin,0.3847252315283587
s16c5,k10_,sigma15_spalin,1.958635532495613
s16c5,k10_,sigma3_spalin,2.5632079598965
s16c5,k10_,sigma05_spalin_spatialonly,0.2848537858982622
s16c5,k10_,sigma15_spalin_spatialonly,1.850785716352559
s16c5,k10_,sigma3_spalin_spatialonly,2.22893059042951
s16c5,k50_,sigma05_spalin,0.4397502731206691
s16c5,k50_,sigma15_spalin,1.90446306524324
s16c5,k50_,sigma3_spalin,2.685447304495945
s16c5,k200_,sigma05_spalin,0.472546609993162
s16c5,k200_,sigma15_spalin,1.809343323923683
s16c5,k200_,sigma3_spalin,2.905412414726251
s2c4,k10_,sigma05_spalin,0.340132091980857
s2c4,k10_,sigma15_spalin,1.251566286486054
s2c4,k10_,sigma3_spalin,3.2942910691952
s2c4,k10_,sigma05_spalin_spatialonly,0.59460805370927
s2c4,k10_,sigma15_spalin_spatialonly,1.131564414699953
s2c4,k10_,sigma3_spalin_spatialonly,3.939666837376538
s2c4,k50_,sigma05_spalin,0.3826660484557
s2c4,k50_,sigma15_spalin,1.36904301568271
s2c4,k50_,sigma3_spalin,3.248029653408231
s2c4,k200_,sigma05_spalin,0.3570169600859458
s2c4,k200_,sigma15_spalin,1.295810920230818
s2c4,k200_,sigma3_spalin,3.052053831488581
s6c3,k10_,sigma05_spalin,0.510695240701913
s6c3,k10_,sigma15_spalin,1.157262986596946
s6c3,k10_,sigma3_spalin,3.132666486341457
s6c3,k10_,sigma05_spalin_spatialonly,0.405539560354406
s6c3,k10_,sigma15_spalin_spatialonly,1.05461638985232
s6c3,k10_,sigma3_spalin_spatialonly,2.755821281327232
s6c3,k50_,sigma05_spalin,0.530950301027487
s6c3,k50_,sigma15_spalin,1.221094929912464
s6c3,k50_,sigma3_spalin,3.233637833463686
s6c3,k200_,sigma05_spalin,0.511097608368702
s6c3,k200_,sigma15_spalin,1.199316891593764
s6c3,k200_,sigma3_spalin,3.05770161531294
s18c2,k10_,sigma05_spalin,0.502912680246954
s18c2,k10_,sigma15_spalin,1.441729058384507
s18c2,k10_,sigma3_spalin,3.339606844274095
s18c2,k10_,sigma05_spalin_spatialonly,0.475351367014881
s18c2,k10_,sigma15_spalin_spatialonly,1.35037033444475
s18c2,k10_,sigma3_spalin_spatialonly,3.260491529165237
s18c2,k50_,sigma05_spalin,0.4490043974564093
s18c2,k50_,sigma15_spalin,1.317148597673425
s18c2,k50_,sigma3_spalin,2.77335888117818
s18c2,k200_,sigma05_spalin,0.4788132741086693
s18c2,k200_,sigma15_spalin,1.415673765349117
s18c2,k200_,sigma3_spalin,3.022984092145388
s10c1,k10_,sigma05_spalin,0.609670568035563
s10c1,k10_,sigma15_spalin,1.92389043524182
s10c1,k10_,sigma3_spalin,3.589129355579004
s10c1,k10_,sigma05_spalin_spatialonly,0.92830182126888
s10c1,k10_,sigma15_spalin_spatialonly,2.306247373915178
s10c1,k10_,sigma3_spalin_spatialonly,4.40870034810029
s10c1,k50_,sigma05_spalin,0.508584543430743
s10c1,k50_,sigma15_spalin,1.444043477793733
s10c1,k50_,sigma3_spalin,2.89480320867768
s10c1,k200_,sigma05_spalin,0.517526378702453
s10c1,k200_,sigma15_spalin,1.55470197932175
s10c1,k200_,sigma3_spalin,3.074810566718611
s2c2,k10_,sigma05_spalin,0.4765798952566747
s2c2,k10_,sigma15_spalin,1.38176898309186
s2c2,k10_,sigma3_spalin,2.79004687888486
s2c2,k10_,sigma05_spalin_spatialonly,0.3762588474641792
s2c2,k10_,sigma15_spalin_spatialonly,1.81637121237945
s2c2,k10_,sigma3_spalin_spatialonly,3.952138017391545
s2c2,k50_,sigma05_spalin,0.4917129959399675
s2c2,k50_,sigma15_spalin,1.43014063971193
s2c2,k50_,sigma3_spalin,2.742261971130485
s2c2,k200_,sigma05_spalin,0.479662489134067
s2c2,k200_,sigma15_spalin,1.36968855477828
s2c2,k200_,sigma3_spalin,2.802184583403624
s8c5,k10_,sigma05_spalin,0.501649788169683
s8c5,k10_,sigma15_spalin,1.653363740975951
s8c5,k10_,sigma3_spalin,3.44205522687664
s8c5,k10_,sigma05_spalin_spatialonly,0.4434926202551835
s8c5,k10_,sigma15_spalin_spatialonly,1.284410783970205
s8c5,k10_,sigma3_spalin_spatialonly,2.997649437154774
s8c5,k50_,sigma05_spalin,0.432522828575765
s8c5,k50_,sigma15_spalin,1.452527062118211
s8c5,k50_,sigma3_spalin,3.13907127872632
s8c5,k200_,sigma05_spalin,0.442948634042493
s8c5,k200_,sigma15_spalin,1.56867086286804
s8c5,k200_,sigma3_spalin,3.204306126489347
